year,month,day,hour,minute,timestamp,satellite,fileID,red,green,blue,H,S,V,BT_lake,BT_bkgd,dBT,dT_surface,lake_size
1984,4,25,14,42,451788154.921,L5,LT51070341984117HAJ00,-0.0719212695101,-0.0945270783084,-0.105759641514,0.0553245843905,-0.470491861923,-0.0719212695101,0.556557880452,0.0553446874882,0.501213192964,0.431224695541,14.0
1984,8,15,14,45,461465113.176,L5,LT51070341984229HAJ00,0.0389199341074,0.0601619337004,0.0473291793997,0.399313039053,0.353080399622,0.0601619337004,24.3173976714,32.9784822504,-8.66108457902,-9.5265693415,103.0
1984,9,16,14,45,464229932.3,L5,LT51070341984261HAJ00,0.0609119338926,0.0737409353544,0.0791942906823,0.549714189757,0.23085447994,0.0791942906823,10.5509631817,6.16919670627,4.38176647542,4.06916728914,22.0
1984,11,3,14,45,468377122.992,L5,LT51070341984309HAJ00,-0.0419748652399,-0.0258967126401,-0.0495452314319,0.279979983393,-0.913186129854,-0.0258967126401,0.780302144164,-1.11243998804,1.89274213221,1.62087581934,87.0
1985,5,30,14,45,486348332.786,L5,LT51070341985151HAJ00,0.0637494801802,0.0963859523377,0.0616064082117,0.323063541984,0.360836234767,0.0963859523377,8.85009066012,12.2496569459,-3.39956628581,-3.22017231768,7.0
1985,6,15,14,45,487730731.11,L5,LT51070341985167HAJ00,0.046458007284,0.0742757561228,0.0397026481709,0.300767757017,0.465469619652,0.0742757561228,15.7066988021,23.388512753,-7.6818139509,-7.86143215412,78.0
1985,7,17,14,45,490495520.443,L5,LT51070341985199HAJ00,0.0857605481168,0.10987328391,0.0915552334295,0.373386062884,0.219459498569,0.10987328391,13.6853061093,14.9680747675,-1.2827686582,-1.25613654389,76.0
1985,8,18,14,45,493260302.722,L5,LT51070341985231HAJ00,0.0851423766038,0.103859846141,0.101431776419,0.478379647628,0.180218537118,0.103859846141,21.2123310879,19.3656533567,1.84667773116,1.90144045625,19.0
1985,9,3,14,44,494642691.377,L5,LT51070341985247HAJ00,0.0390075780089,0.0643120663876,0.0479724444755,0.392379949441,0.393464085359,0.0643120663876,17.3155221533,22.1423228732,-4.82680071993,-4.94709350111,97.0
1986,4,15,14,40,513996050.535,L5,LT51070341986106HAJ00,-0.0162487021554,-0.0233561918905,-0.0419973787313,0.120661132401,-1.58466050579,-0.0162487021554,-3.58592208958,-4.56275509399,0.97683300441,0.804219584082,12.0
1986,9,22,14,35,527819744.45,L5,LT51070341986266HAJ00,0.0354450984153,0.064159571867,0.0415891597973,0.368995147994,0.447547772159,0.064159571867,10.8318011514,14.3463884301,-3.51458727864,-3.38987748933,112.0
1986,10,8,14,35,529202113.761,L5,LT51070341986282HAJ00,0.0354694823205,0.05556995222,0.0439588140537,0.403724156497,0.361714723452,0.05556995222,7.99525973066,8.86896346859,-0.873703737931,-0.811907260333,97.0
1987,5,4,14,38,547173537.703,L5,LT51070341987125HAJ00,0.0448563429277,0.0686062899664,0.0459109989778,0.340734444926,0.346177399336,0.0686062899664,2.32243569831,5.23930215794,-2.91686645963,-2.59548141643,86.0
1987,5,20,14,39,548555963.637,L5,LT51070341987141HAJ01,0.048153078006,0.0768131780357,0.0540858796323,0.36783426913,0.37311436348,0.0768131780357,12.0473596929,19.3123596882,-7.26499999526,-7.19733654768,80.0
1987,6,5,14,39,549938387.055,L5,LT51070341987157HAJ00,0.017700023309,0.0514619276152,-0.00246193795699,0.271017198501,1.04783998717,0.0514619276152,5.52381462173,12.3182719409,-6.7944573192,-6.34205351232,1.0
1987,6,21,14,40,551320808.297,L5,LT51070341987173HAJ00,0.14984158911,0.188763131085,0.166099579569,0.402951979949,0.206192500364,0.188763131085,6.60509039999,4.88351190694,1.72157849305,1.56056114894,25.0
1987,7,7,14,40,552703227.536,L5,LT51070341987189HAJ00,0.0506132049137,0.0842850311019,0.0531783795481,0.346030271817,0.399499481082,0.0842850311019,14.8038084345,18.7586722458,-3.95486381136,-3.95491061574,81.0
1987,8,8,14,41,555468077.31,L5,LT51070341987221HAJ00,0.0510359118656,0.0855860114317,0.067810365083,0.414251832499,0.403688628412,0.0855860114317,14.9126375309,20.4033586748,-5.49072114383,-5.53148031759,59.0
1989,5,9,14,44,610764244.834,L5,LT51070341989130HAJ00,0.0476415152135,0.05731883255,0.0383111931583,0.251521297455,0.331612465679,0.05731883255,2.2017378426,6.04385387278,-3.84211603018,-3.42992797469,26.0
1989,7,20,14,48,616985335.576,L4,LT41070341989202XXX02,0.0816202617347,0.10420247431,0.0921324025418,0.410917558615,0.216714744301,0.10420247431,16.612634508,14.9514022277,1.66123228034,1.64721091579,27.0
1989,8,13,14,42,619058529.591,L5,LT51070341989226HAJ00,0.0212703653401,0.0481061075956,0.0299784637136,0.387416045677,0.557844805926,0.0481061075956,14.8390568458,12.8755885834,1.96346826242,1.91489748522,68.0
1989,8,29,14,41,620440909.977,L5,LT51070341989242HAJ00,-0.00318501665942,0.0423021626464,0.000982078876452,0.348601721773,1.0752920527,0.0423021626464,10.1954971302,11.1302490754,-0.934751945201,-0.886321786145,88.0
1990,2,21,14,36,635647003.431,L5,LT51070341990053HAJ00,0.282368429396,0.298100718598,0.30879428447,0.567443833837,0.0855775394911,0.30879428447,-4.27751883794,-3.44964547767,-0.82787336027,-0.683056880207,29.0
1990,4,10,14,35,639794112.472,L5,LT51070331990101HAJ00,0.0317654792251,0.022320002773,-0.0939346452,0.154142843937,3.95712979912,0.0317654792251,2.48060931793,4.87240209525,-2.39179277732,-2.126143961,53.0
1990,4,10,14,35,639794136.044,L5,LT51070341990101HAJ00,0.0261138017542,0.0155643423403,-0.101564502823,0.152895781774,4.88930358664,0.0261138017542,2.62451495084,4.63728858564,-2.01277363481,-1.78844264439,57.0
1990,4,26,14,35,641176536.449,L5,LT51070341990117BJC00,0.0260332552488,0.0166047651614,-0.0162015991049,0.129460074183,1.62234242126,0.0260332552488,3.76775336584,8.36225377455,-4.59450040871,-4.17728183186,52.0
1990,5,28,14,35,643941336.397,L5,LT51070341990149BJC00,-0.0145926802259,0.00989569446643,-0.0116252042447,0.353529828054,2.47464943217,0.00989569446643,8.65548646368,17.2566472408,-8.60116077707,-8.32264359383,19.0
1990,6,29,14,35,646706135.132,L5,LT51070341990181HAJ00,0.0810664211584,0.116888521837,0.0988738799092,0.416184694241,0.306463800855,0.116888521837,7.23237561736,5.67307501838,1.55930059897,1.42283119125,52.0
1990,7,31,14,35,649470926.965,L5,LT51070341990213HAJ00,0.0424800368693,0.0722579628682,0.0461797887649,0.35404079684,0.4121058056,0.0722579628682,19.9226969931,27.2196950703,-7.29699807716,-7.71516514872,91.0
1990,10,19,14,34,656382897.676,L5,LT51070341990293BJC01,0.0709310084492,0.0894161323748,0.0742991633385,0.363701490478,0.20673141898,0.0894161323748,7.02266543975,6.83109691941,0.191568520339,0.175573030888,22.0
1991,9,4,14,39,684031153.64,L5,LT51070341991248HAJ00,0.139180665252,0.153130335157,0.157360246324,0.538778957103,0.115528422816,0.157360246324,12.5854067368,10.9763331125,1.60907362433,1.54095739997,4.0
1991,10,22,14,39,688178373.657,L5,LT51070341991296BJC01,0.0355790070506,0.0628151312923,0.0484477758505,0.412081498122,0.433591774487,0.0628151312923,5.16645055101,2.44581205059,2.72063850042,2.42145682999,110.0
1992,2,27,14,39,699237575.451,L5,LT51070341992059HAJ00,-0.130101852053,-0.145569994789,-0.161056980149,0.0833840589739,-0.237929957242,-0.130101852053,-6.18742096137,-5.10618060826,-1.08124035311,-0.8758161117,2.0
1992,3,30,14,39,702002370.204,L5,LT51070341992091HAJ00,0.503570125124,0.514635911083,0.442381937174,0.192191873933,0.140398235632,0.514635911083,-3.40273989881,-3.69646075391,0.293720855098,0.243121068852,3.0
1992,6,2,14,38,707531936.969,L5,LT51070341992155HAJ00,-0.00495195153517,0.0225032082488,-0.0108695401803,0.303780335135,1.48302180117,0.0225032082488,15.9057560759,22.2466675517,-6.34091147578,-6.46396146568,72.0
1992,8,5,14,38,713061489.644,L5,LT51070341992219HAJ00,0.0155455440203,0.0439079627913,0.0173531821155,0.343955594371,0.645951598933,0.0439079627913,15.1041188175,14.6075235145,0.496595303,0.488510497238,87.0
1992,9,22,14,37,717208642.21,L5,LT51070341992267BJC00,0.0102835885181,0.0319384006276,0.0188922148636,0.39958978711,0.67801804987,0.0319384006276,14.9856124967,20.9410306192,-5.95541812248,-6.01499140978,75.0
1993,4,18,14,37,735179868.463,L5,LT51070341993109HAJ01,0.251377091921,0.257077068356,0.245032709624,0.245541440628,0.0468511594933,0.257077068356,-2.51100613913,-2.72762078389,0.216614644759,0.181002317207,19.0
1993,5,20,14,37,737944651.437,L5,LT51070331993141HAJ01,0.0791788928904,0.099427043312,0.0948052541254,0.461957108095,0.20364832089,0.099427043312,4.83678554853,7.60695538244,-2.77016983391,-2.52230103506,37.0
1993,5,20,14,37,737944675.093,L5,LT51070341993141HAJ01,0.0742511500583,0.0919234502056,0.0873998444044,0.457338077448,0.192250183253,0.0919234502056,4.96763068409,7.50635486552,-2.53872418143,-2.31189025921,39.0
1993,7,7,14,37,742091869.893,L5,LT51070341993189HAJ01,0.0206827700129,0.0527000460791,0.0220893692421,0.34065541796,0.607537914068,0.0527000460791,16.8377105438,23.0582400866,-6.22052954279,-6.38703692566,78.0
1993,8,8,14,37,744856669.919,L5,LT51070341993221HAJ00,0.0483473686823,0.063252443828,0.0610909583203,0.475830542208,0.23564425726,0.063252443828,11.8489727704,13.6111978141,-1.76222504375,-1.70180256288,18.0
1993,8,24,14,37,746239068.364,L5,LT51070341993237HAJ00,-0.0225342909237,-0.0163381489324,-0.0193183292549,0.419837744018,-0.379243818676,-0.0163381489324,17.2217979094,14.8811825379,2.34061537141,2.32619640507,145.0
1993,10,27,14,37,751768629.089,L5,LT51070331993301HAJ00,-0.0731147824054,-0.0464940581788,-0.0728175114287,0.335194483404,-0.572561855629,-0.0464940581788,2.01049763375,-1.4863482533,3.49684588705,3.00725883172,66.0
1994,4,5,14,35,765592517.319,L5,LT51070331994096HAJ00,0.306601928412,0.317374875333,0.304730401375,0.308664756847,0.0398408158345,0.317374875333,0.719761913928,0.493227831122,0.226534082807,0.195478102874,57.0
1994,4,5,14,35,765592541.006,L5,LT51070341994096HAJ00,0.383897961185,0.39606938321,0.368649272101,0.240647779637,0.0692305749228,0.39606938321,-0.190114621425,0.200366960436,-0.390481581861,-0.334960328765,34.0
1994,5,23,14,34,769739687.598,L5,LT51070341994144HAJ00,0.00454672179749,0.0204419769504,0.00354200380049,0.323424856082,0.82672890156,0.0204419769504,10.2936266136,18.5768996232,-8.28327300952,-8.11883354869,13.0
1994,7,26,14,33,775269195.099,L5,LT51070341994208HAJ00,0.0869666155306,0.103762423589,0.095355961211,0.416581741221,0.161867923645,0.103762423589,19.644673398,22.6609085922,-3.01623519422,-3.12765947289,26.0
1994,8,11,14,32,776651546.126,L5,LT51070331994224HAJ00,0.0295997145576,0.049447695538,0.0358024584422,0.385418764514,0.401393447449,0.049447695538,21.5708656266,30.5055983915,-8.93473276485,-9.63199951815,89.0
1994,8,11,14,32,776651569.677,L5,LT51070341994224HAJ00,0.0293895273267,0.0490188483902,0.0353441537557,0.383892277016,0.400444353717,0.0490188483902,21.5659505918,29.139834662,-7.57388407019,-8.12140314655,89.0
1995,5,26,14,22,801534126.58,L5,LT51070331995147HAJ00,0.0852543819949,0.101152735063,0.0754681950013,0.269830885493,0.253918394259,0.101152735063,6.86249850802,12.82254191,-5.96004340199,-5.60977587685,31.0
1995,5,26,14,22,801534150.153,L5,LT51070341995147HAJ00,0.0849895051149,0.101187454028,0.0746114540439,0.268249228143,0.262641255669,0.101187454028,7.02266739474,11.5130721184,-4.49040472366,-4.20462793242,30.0
1995,10,17,14,15,813975316.037,L5,LT51070331995291CLT00,0.0282239367027,0.0475700075701,0.034765250659,0.389686843056,0.406686310464,0.0475700075701,9.74297210042,16.1500009916,-6.4070288912,-6.19906636725,116.0
1995,10,17,14,15,813975339.621,L5,LT51070341995291CLT00,0.0278104508981,0.0457717564947,0.0329298948783,0.380837712053,0.39241023225,0.0457717564947,9.77284003735,14.8726254837,-5.09978544637,-4.90730761951,119.0
1996,3,9,14,22,826417323.454,L5,LT51070331996070HAJ00,0.23812367864,0.262564808739,0.304317976131,0.605127805502,0.217516882611,0.304317976131,-16.9647413169,-17.4047165285,0.439975211629,0.313799417287,1.0
1996,3,9,14,22,826417347.049,L5,LT51070341996070HAJ00,0.233208826318,0.256838501757,0.294898499937,0.60282649685,0.20918951311,0.294898499937,-16.647077633,-17.1882140464,0.541136413404,0.387152709714,1.0
1996,4,10,14,24,829182245.223,L5,LT51070331996102HAJ01,0.801390156143,0.984163274416,0.439782254642,0.222624139966,0.553140961389,0.984163274416,-16.3305807723,-16.0475399615,-0.283040810842,-0.204217686986,8.0
1996,4,10,14,24,829182268.965,L5,LT51070341996102HAJ01,0.792500785853,0.972845653302,0.434350516034,0.222484214176,0.553525767876,0.972845653302,-16.3305807723,-15.9110952437,-0.419485528663,-0.302902938692,8.0
1996,4,26,14,25,830564703.108,L5,LT51070331996118CLT00,0.288893411495,0.302571840499,0.296454321572,0.425460263935,0.0452072108926,0.302571840499,-5.69426115505,-5.83306344928,0.138802294225,0.112294355903,8.0
1996,4,26,14,25,830564726.851,L5,LT51070341996118CLT00,0.274495893484,0.285868457127,0.28184516493,0.441038035002,0.0397825061123,0.285868457127,-5.43694886114,-5.98318921122,0.54624035008,0.442168585094,9.0
1996,5,28,14,26,833329613.731,L5,LT51070331996150CLT00,0.00579976223668,0.0159172495871,0.000161280484904,0.273689464236,0.989867565749,0.0159172495871,7.55061110241,18.3784074537,-10.8277963513,-10.4778949884,30.0
1996,5,28,14,27,833329637.476,L5,LT51070341996150CLT00,0.0100174798177,0.0210676193118,0.0060900266502,0.289629679301,0.710929528388,0.0210676193118,7.0910810005,18.4713408365,-11.380259836,-10.9948174486,29.0
1996,8,16,14,31,840241869.045,L5,LT51070331996230CLT00,0.123347588506,0.15409018128,0.14074064264,0.427627343501,0.19951039397,0.15409018128,12.0651379984,13.3302036949,-1.26506569653,-1.22134234776,5.0
1996,8,16,14,31,840241892.652,L5,LT51070341996230CLT00,0.120555945797,0.149806714312,0.136172071256,0.422311767356,0.195256725636,0.149806714312,11.9940070024,13.3267873674,-1.33278036498,-1.28629564198,4.0
1996,10,3,14,33,844389225.426,L5,LT51070331996278CLT00,0.0885885574727,0.100075163919,0.0983524166728,0.475003536299,0.114779791477,0.100075163919,8.01046652582,9.53446184589,-1.52399532007,-1.42060361285,5.0
1996,10,3,14,34,844389249.181,L5,LT51070341996278CLT00,0.0862076984928,0.0954293455549,0.0918997863652,0.436208807278,0.0966332422012,0.0954293455549,8.17423136065,9.46461549133,-1.29038413068,-1.20335518938,6.0
1997,2,24,14,40,856831229.8,L5,LT51070331997056HAJ00,-0.0990928395023,-0.090953756116,-0.0473473861688,0.640451534508,-1.09288933393,-0.0473473861688,-4.99690768909,-4.05137084741,-0.945536841679,-0.774859710008,25.0
1997,2,24,14,40,856831253.566,L5,LT51070341997056HAJ00,-0.128242737801,-0.122774364991,-0.08489884619,0.645639586853,-0.510535696964,-0.08489884619,-4.89221291809,-3.95662460115,-0.935588316936,-0.767495266381,26.0
1997,3,12,14,41,858213667.956,L5,LT51070331997072HAJ00,-0.0626949328647,-0.0593281040564,0.00329727385596,0.658163569671,20.014172193,0.00329727385596,-6.54124129082,-4.52184897159,-2.01939231922,-1.63769563343,8.0
1997,3,12,14,41,858213691.725,L5,LT51070341997072HAJ00,-0.0465562986907,-0.0496513022339,0.00934253076995,0.675410528484,6.31454521869,0.00934253076995,-6.65947503763,-5.09511742637,-1.56435761125,-1.26410317036,6.0
1997,5,31,14,44,865125863.007,L5,LT51070341997152HAJ00,0.050122658026,0.0782446116999,0.0503508409198,0.334685674737,0.35941073849,0.0782446116999,11.5722319509,17.587532182,-6.01530023116,-5.90328014079,80.0
1997,6,16,14,44,866508271.432,L5,LT51070331997168HAJ00,0.0660115480187,0.0964910030842,0.0852275406094,0.43840953712,0.315878725387,0.0964910030842,20.1377257318,24.1835507769,-4.04582504516,-4.22965512466,97.0
1997,7,18,14,46,869273162.016,L5,LT51070341997200HAJ00,0.0321322430586,0.0595980451698,0.0404034034681,0.383523993316,0.460850721411,0.0595980451698,16.9147239153,22.7389424219,-5.82421850663,-5.97416817941,86.0
1997,10,22,14,48,877567709.937,L5,LT51070331997296HAJ00,0.0314735446483,0.0489166148436,0.0473653031929,0.485177383403,0.356587843437,0.0489166148436,9.78670653404,17.575620646,-7.78891411192,-7.58455482019,100.0
1997,10,22,14,48,877567733.721,L5,LT51070341997296HAJ00,0.0310596509217,0.0472458175142,0.0452223315425,0.479164451321,0.3425946982,0.0472458175142,10.0231288141,16.6833585981,-6.66022978406,-6.46699790395,102.0
1997,11,7,14,48,878950134.628,L5,LT51070331997312HAJ00,0.00778374562605,0.019553483204,0.0104821969263,0.371545050493,0.601925368242,0.019553483204,-0.27571661337,-3.28111055001,3.00539393664,2.53268476193,103.0
1997,11,7,14,49,878950158.268,L5,LT51070341997312HAJ00,0.00599361635586,0.0173044361865,0.0077154018165,0.358704106428,0.653637004335,0.0173044361865,-0.21946889747,-3.2076490161,2.98818011863,2.51981861782,102.0
1998,2,27,14,51,888627106.985,L5,LT51070341998059HAJ00,0.309704144725,0.337488370255,0.38186784438,0.602497225838,0.18897558597,0.38186784438,-5.29688771139,-4.45509715,-0.841790561399,-0.687338289697,24.0
1998,6,3,14,53,896921590.911,L5,LT51070341998155HAJ00,0.672260791841,0.818216449203,0.357076103621,0.219418379083,0.56359212288,0.818216449203,0.426643423269,0.65386307042,-0.227219647151,-0.195942153824,10.0
1998,7,5,14,53,899686391.214,L5,LT51070331998187HAJ00,0.0449838375804,0.0715297597347,0.0494802456254,0.361563708473,0.371117172109,0.0715297597347,16.355647862,21.3647459167,-5.00909805468,-5.09718033921,82.0
1998,7,5,14,53,899686415.018,L5,LT51070341998187HAJ00,0.0481952217943,0.0744572573766,0.0520933184314,0.3580718107,0.352712905465,0.0744572573766,16.5062192507,21.1619585995,-4.65573934876,-4.73658475691,83.0
1998,8,22,14,53,903833615.216,L5,LT51070331998235HAJ00,0.0819561604113,0.107120038033,0.0956966551432,0.424340072826,0.234912889163,0.107120038033,17.6202541707,19.0076435457,-1.38738937498,-1.40538935403,37.0
1998,8,22,14,53,903833638.877,L5,LT51070341998235HAJ00,0.0836395276225,0.10739093455,0.0965890032726,0.424201463727,0.221167708679,0.10739093455,17.326458026,19.6786343896,-2.35217636355,-2.38644053907,41.0
1998,9,7,14,53,905216023.652,L5,LT51070331998251HAJ00,0.066588320217,0.0815171149276,0.0842377813369,0.525691685342,0.209519539093,0.0842377813369,13.1502715336,6.88615692872,6.26411460492,5.90530793491,10.0
1998,9,7,14,54,905216047.314,L5,LT51070341998251HAJ00,0.0696712854893,0.0843035450598,0.0867127543711,0.523562222717,0.196527823449,0.0867127543711,12.821106203,7.86443223257,4.9566739704,4.68640291549,12.0
1999,4,19,14,53,924569626.078,L5,LT51070331999110HAJ00,0.254845728297,0.255328575105,0.193835730758,0.167975346869,0.24083808215,0.255328575105,1.41982927745,4.90949598111,-3.48966670367,-3.08693601128,16.0
1999,4,19,14,54,924569649.752,L5,LT51070341999110HAJ00,0.233343816568,0.232983960477,0.184725668118,0.165433052945,0.208354132392,0.233343816568,1.64850060266,5.01304232903,-3.36454172637,-2.98099000609,16.0
1999,5,5,14,53,925952021.005,L5,LT51070331999126HAJ00,0.0575334657276,0.0829178666424,0.0761616127968,0.455640382793,0.306139098154,0.0829178666424,3.59076717803,7.41944553061,-3.82867835258,-3.46281931507,83.0
1999,5,5,14,54,925952044.68,L5,LT51070341999126HAJ00,0.0557077010181,0.0809838009312,0.0732798637828,0.449201438151,0.312113035229,0.0809838009312,3.8914913246,7.59965318138,-3.70816185677,-3.36138241178,82.0
1999,5,21,14,53,927334424.31,L5,LT51070341999142HAJ00,0.0498651545981,0.0842629351995,0.057167297283,0.368714214295,0.408219586939,0.0842629351995,10.2434950804,20.008983073,-9.76548799258,-9.62870853932,75.0
1999,6,22,14,52,930099175.926,L5,LT51070331999174HAJ00,0.115066221866,0.149348117443,0.135554807968,0.432941721167,0.229543540042,0.149348117443,0.367918372859,1.48828703156,-1.1203686587,-0.969828552516,1.0
1999,6,22,14,53,930099199.603,L5,LT51070341999174HAJ00,0.119557138535,0.157107388298,0.140486263589,0.426227189727,0.23901008202,0.157107388298,0.367918372859,1.49108761253,-1.12316923967,-0.972266157386,1.0
1999,9,2,15,8,936320902.509,L7,LE71070341999246EDC00,0.0365196216878,0.069159679639,0.0526769322207,0.415835793741,0.47195212762,0.069159679639,17.7669432489,22.6127523137,-4.84580906478,-4.9854306281,115.0
1999,10,20,15,8,940468097.22,L7,LE71070341999294EDC00,0.0259271327334,0.0455361429046,0.0326057032585,0.390097804247,0.430625189583,0.0455361429046,9.99232417396,14.6965261635,-4.70420198952,-4.52752124503,115.0
1999,11,13,14,51,942540670.545,L5,LT51070341999318HAJ00,-0.560406737725,-0.56829676496,-0.673097249359,0.154997498427,-0.201087003507,-0.560406737725,4.80198354564,7.18897121753,-2.38698767189,-2.16882117703,114.0
2000,3,4,14,48,952217323.423,L5,LT51070342000065HAJ00,0.287296063679,0.305479572548,0.342409539181,0.611678575572,0.160957768973,0.342409539181,-7.6327571782,-7.18992469808,-0.442832480122,-0.352107464253,13.0
2000,5,15,15,7,958439252.591,L7,LE71070342000137HAJ00,0.0263466820583,0.0370838055279,0.0327724560329,0.433077210931,0.2895367214,0.0370838055279,9.47358102642,13.9136184483,-4.44003742186,-4.24878713749,38.0
2000,7,18,15,6,963968786.457,L7,LE71070332000201EDC00,0.0797829350753,0.13273221959,0.0934140292899,0.376239466185,0.398918097491,0.13273221959,11.2794542453,13.4121592688,-2.13270502351,-2.05263387075,75.0
2000,8,3,15,6,965351170.288,L7,LE71070332000217SGS00,0.0791981092641,0.113749140621,0.0986974724833,0.427394023918,0.30374762542,0.113749140621,16.4431454548,14.8883783818,1.55476707301,1.54011458332,36.0
2000,8,3,15,6,965351194.175,L7,LE71070342000217HAJ01,0.0780513708859,0.110205759186,0.0960097913135,0.426417675145,0.291766859895,0.110205759186,16.9489519713,16.9856904795,-0.0367385081961,-0.0367968796879,36.0
2000,8,11,14,52,966041555.218,L5,LT51070332000225HAJ00,0.0846555058629,0.106191291575,0.0918253175786,0.388820912716,0.202801805993,0.106191291575,15.7273065853,17.04685589,-1.31954930467,-1.31516834867,13.0
2000,8,11,14,52,966041578.915,L5,LT51070342000225HAJ00,0.0845851894949,0.106787999442,0.0922230696785,0.390667519123,0.207914841213,0.106787999442,15.4810372694,16.9783213624,-1.49728409307,-1.49031882655,14.0
2000,8,27,14,52,967423975.132,L5,LT51070332000241HAJ00,0.0143514722327,0.050239456091,0.0317324705415,0.414052079276,0.714338622482,0.050239456091,19.1731696349,23.3599819868,-4.18681235198,-4.34548806968,103.0
2000,8,27,14,53,967423998.684,L5,LT51070342000241HAJ00,0.0169537720756,0.0519342210914,0.0344254685708,0.416578388723,0.673552972985,0.0519342210914,19.2554325941,23.3856166703,-4.13018407614,-4.28859333913,103.0
2000,9,20,15,5,969498353.421,L7,LE71070342000265EDC00,0.029469626279,0.0525250718747,0.0365426456043,0.384463837375,0.438941723883,0.0525250718747,19.1312883268,26.6234746562,-7.49218632933,-7.8777648099,96.0
2001,3,23,14,55,985395311.071,L5,LT51070332001083HAJ01,-0.00706847492704,-0.0210501819344,-0.0244102255923,0.0322924303966,-2.45339353174,-0.00706847492704,0.0653681101431,-1.63065360743,1.69602171758,1.44355511076,7.0
2001,3,23,14,55,985395334.776,L5,LT51070342001083HAJ01,-0.0051319084353,-0.018514637893,-0.0291635448603,0.0738533904429,-4.68278745187,-0.0051319084353,0.030930110065,-1.64461054507,1.67554065513,1.42577948377,11.0
2001,4,8,14,54,986777696.197,L5,LT51070332001099HAJ00,0.302769903369,0.310197123799,0.297336835262,0.262921899831,0.0414584390063,0.310197123799,-1.94942928303,0.844367373731,-2.79379665676,-2.38336371511,15.0
2001,6,3,15,5,991616706.843,L7,LE71070342001155EDC00,0.0675207928137,0.10002538293,0.055488452423,0.288305756393,0.44525628598,0.10002538293,11.6603104989,18.6325458154,-6.97223531654,-6.8758238608,79.0
2001,9,7,15,3,999911017.482,L7,LE71070332001251EDC00,0.0318453233873,0.0523338324382,0.0472496443207,0.458641954661,0.391496439232,0.0523338324382,18.5139687915,20.9298557437,-2.41588695221,-2.47596260456,109.0
2001,9,7,15,4,999911041.345,L7,LE71070342001251EDC00,0.031925582376,0.0516930024534,0.0462422060598,0.454042254272,0.382400308344,0.0516930024534,18.5743350979,20.7201327884,-2.14579769054,-2.19780463431,110.0
2001,9,23,15,3,1001293409.603,L7,LE71070332001267EDC01,0.0250907562618,0.0475258832363,0.030448014875,0.373131478294,0.472061231623,0.0475258832363,19.0852769515,27.3523702911,-8.26709333966,-8.7162916825,95.0
2001,9,23,15,3,1001293433.473,L7,LE71070342001267EDC00,0.0247284274225,0.0464169435647,0.0292983114732,0.36845087373,0.467254292863,0.0464169435647,17.520130462,26.2043147284,-8.68418426642,-9.05678077388,94.0
2001,11,10,15,3,1005440609.767,L7,LE71070332001315EDC00,0.0197021404714,0.0328588528218,0.0273227989218,0.429870348653,0.400400842408,0.0328588528218,5.63171682717,6.33211733017,-0.700400502994,-0.636304497689,101.0
2001,11,10,15,3,1005440633.646,L7,LE71070342001315EDC00,0.0144040261916,0.0262379523764,0.0199764419803,0.411814130854,0.451023235921,0.0262379523764,5.29330241128,6.2206944206,-0.927392009322,-0.840753895724,99.0
2002,4,3,15,4,1017882251.512,L7,LE71070342002094HAJ00,0.428591590569,0.475874007671,0.400023018351,0.27055987783,0.159393007596,0.475874007671,-1.5168196546,-0.526262953515,-0.99055670109,-0.841100225936,1.0
2002,4,19,15,4,1019264652.141,L7,LE71070342002110EDC00,-0.0379391195283,-0.0473420530793,-0.087619278455,0.135121767743,-1.30947052921,-0.0379391195283,2.95131708164,11.6959949115,-8.74467782985,-8.04394432123,14.0
2002,5,5,15,3,1020647032.787,L7,LE71070332002126HAJ00,0.0404131376521,0.067823654559,0.0347097962341,0.304627620648,0.488234651172,0.067823654559,0.173616371154,4.39061127138,-4.21699490023,-3.69877430447,49.0
2002,5,5,15,4,1020647056.672,L7,LE71070342002126HAJ00,0.0419317364436,0.0688585323769,0.0362776461328,0.304409983058,0.473156849549,0.0688585323769,0.294032718418,3.87106206261,-3.57702934419,-3.13140007787,50.0
2002,6,6,15,4,1023411840.84,L7,LE71070342002158EDC00,0.0280231209237,0.052654268338,0.0375310762262,0.397668915856,0.467790137282,0.052654268338,16.7679765794,29.9455256376,-13.1775490582,-13.9084425434,79.0
2002,7,24,15,3,1027558996.928,L7,LE71070332002206EDC00,0.0522174116755,0.0782957269128,0.060184445094,0.384250690954,0.333074565695,0.0782957269128,25.4324099078,30.1269976442,-4.6945877364,-5.12964840973,43.0
2002,7,24,15,3,1027559020.801,L7,LE71070342002206EDC00,0.044159476997,0.0780714116103,0.0551543429034,0.38736969758,0.434370711555,0.0780714116103,22.4351542531,29.7238591837,-7.28870493066,-7.86010913965,111.0
2002,8,25,15,3,1030323782.851,L7,LE71070332002238EDC00,0.0300464812605,0.0614842492346,0.0493884582741,0.435874418256,0.511314171766,0.0614842492346,18.9158372171,22.9472083869,-4.03137116973,-4.17276399847,111.0
2002,8,25,15,3,1030323806.717,L7,LE71070342002238EDC00,0.0330699259658,0.0646372450764,0.0520633079367,0.433613108462,0.488376617433,0.0646372450764,19.4369599692,22.7716979304,-3.3347379612,-3.45656327262,110.0
2002,10,12,15,2,1034470960.786,L7,LE71070332002286EDC00,0.0228770525281,0.0404582054715,0.0343976280752,0.442546644354,0.434550982639,0.0404582054715,14.1689854959,21.9717417152,-7.80275621924,-7.88782576524,96.0
2002,10,12,15,3,1034470984.666,L7,LE71070342002286EDC00,0.0223388332703,0.0392135712509,0.0326871211718,0.435540232915,0.430329027487,0.0392135712509,12.6805366091,20.991348162,-8.31081155287,-8.31466943269,97.0
2003,2,17,15,4,1045530246.686,L7,LE71070342003049HAJ00,-0.0534516655631,-0.00784558326185,0.0602905521689,0.599839996074,1.88656785583,0.0602905521689,-12.5686801034,-8.78742227619,-3.7812578272,-2.90265432837,2.0
2003,5,8,15,3,1052442226.923,L7,LE71070332003129EDC00,-0.0174341584281,0.00273016655772,-0.0306211913386,0.267433803088,12.215869322,0.00273016655772,2.38464750922,7.31610578131,-4.93145827209,-4.43283641721,42.0
2003,5,8,15,4,1052442250.807,L7,LE71070342003129EDC00,-0.0108425357594,0.00886547340009,-0.0228158651617,0.27034499411,3.57356422292,0.00886547340009,2.18507892223,6.21394412583,-4.0288652036,-3.59926393609,41.0
2003,7,27,15,3,1059354210.917,L7,LE71070332003209EDC01,0.0347967157229,0.0687351319316,0.0488635269617,0.402413414307,0.493756471472,0.0687351319316,18.6175255844,27.0413789618,-8.42385337733,-8.85394188719,99.0
2003,7,27,15,3,1059354234.799,L7,LE71070342003209EDC01,0.0314250222251,0.0649749443527,0.044090626426,0.396252526572,0.516351686975,0.0649749443527,17.784765426,25.5701550254,-7.78538959937,-8.10732949451,99.0
2003,8,28,15,3,1062119003.734,L7,LE71070332003241EDC02,0.0780516305374,0.0902057143506,0.0907141554588,0.506692202798,0.139587089329,0.0907141554588,13.3209203912,13.0419825411,0.278937850087,0.270440686003,14.0
2003,8,28,15,3,1062119027.617,L7,LE71070342003241EDC02,0.0777509611682,0.0898355842479,0.0899275086948,0.501258217168,0.135404034909,0.0899275086948,12.8873131554,12.0100283658,0.87728478956,0.845112821116,16.0
2003,10,15,15,3,1066266193.077,L7,LE71070332003289EDC01,0.0229504306238,0.0350083491948,0.0306401137904,0.43962148361,0.344429795986,0.0350083491948,9.09965888755,11.8523109944,-2.75265210683,-2.60567182228,93.0
2004,2,12,14,54,1076633659.477,L5,LT51070342004044BJC00,0.276301643729,0.298439319135,0.337218577915,0.60609873729,0.180645249626,0.337218577915,-12.1963714755,-11.1710354437,-1.02533603185,-0.77842988054,10.0
2004,3,31,14,54,1080780879.076,L5,LT51070342004092BJC00,0.45933432143,0.484026236364,0.420227857212,0.231171740468,0.131807688012,0.484026236364,-3.16772166672,-4.14356710887,0.975845442157,0.806860219304,28.0
2004,4,16,14,55,1082163311.057,L5,LT51070342004108BJC00,-0.00119758129536,-0.0107733758218,-0.0474500630955,0.132161150588,-38.6215799958,-0.00119758129536,0.473600416949,0.878020758465,-0.404420341516,-0.349215131262,20.0
2004,5,2,14,55,1083545737.015,L5,LT51070342004124BJC00,0.0395526231857,0.0521390066692,0.0415235553555,0.359432068955,0.241400523092,0.0521390066692,4.64995537672,9.92197408212,-5.2720187054,-4.84787557683,37.0
2004,6,3,14,56,1086310592.482,L5,LT51070342004156BJC01,0.030005198957,0.0603474716494,0.0292590189315,0.329333026894,0.515157501519,0.0603474716494,18.096131698,25.8287787783,-7.73264708024,-8.07098431874,76.0
2004,7,21,14,57,1090457874.626,L5,LT51070342004204BJC00,0.0158393927272,0.0539970736372,0.0171027989384,0.338851690237,0.706662015916,0.0539970736372,12.65279864,18.2491893564,-5.59639071638,-5.53344820548,84.0
2004,8,6,14,58,1091840293.461,L5,LT51070342004220BJC00,0.040907838669,0.0688001104398,0.0531132509154,0.406265197439,0.405410276125,0.0688001104398,20.0115788033,22.9735968342,-2.96201803089,-3.07992797683,100.0
2004,9,15,15,3,1095296619.625,L7,LE71070332004260EDC02,0.0253546209532,0.0476174709525,0.0310647295519,0.376080994413,0.467535330078,0.0476174709525,19.7155805878,25.9712283055,-6.25564771775,-6.57583008793,51.0
2004,9,15,15,4,1095296643.512,L7,LE71070342004260EDC02,-0.406954664099,-0.413814215847,-0.520826170053,0.156626765859,-0.279813738482,-0.406954664099,17.7628936548,23.7229596054,-5.96006595067,-6.15959110179,49.0
2004,10,17,15,3,1098061421.353,L7,LE71070332004292EDC01,0.0297911884841,0.047025201612,0.0410956223442,0.442656234276,0.366484619675,0.047025201612,14.1323205777,20.4380882937,-6.305767716,-6.33268888257,69.0
2004,10,17,15,4,1098061445.239,L7,LE71070342004292EDC01,0.0273322812284,0.0433245307768,0.0367851833794,0.431848785276,0.369126895586,0.0433245307768,12.5065527089,18.2147166392,-5.70816393033,-5.63959726575,88.0
2005,4,3,15,2,1112576551.526,L5,LT51070342005094BJC00,0.467708819492,0.510551826395,0.351518575078,0.211566089217,0.311492865357,0.510551826395,-5.86506933635,-6.00310992465,0.138040588306,0.111479550989,21.0
2005,5,5,15,2,1115341359.761,L5,LT51070342005126BJC00,0.0512778283804,0.0628766832968,0.0649926668789,0.525714041794,0.211021322206,0.0649926668789,8.04119164885,13.6348086705,-5.59361702166,-5.31209976149,64.0
2005,10,12,15,3,1129165407.512,L5,LT51070342005286BJC00,0.0306156129329,0.0507272995194,0.0368824165821,0.385266684142,0.396466730479,0.0507272995194,15.0952571658,20.2426264922,-5.14736932641,-5.18605986052,106.0
2005,10,20,15,4,1129856654.311,L7,LE71070332005294EDC01,0.0342054688669,0.0552860483614,0.0518513298835,0.472844528311,0.381300167388,0.0552860483614,11.5047640481,12.8923516595,-1.38758761142,-1.33376014971,115.0
2005,10,20,15,4,1129856678.198,L7,LE71070342005294EDC01,0.0322732679277,0.0521451934238,0.0473379484264,0.459681436017,0.381088345661,0.0521451934238,11.1371054253,12.5655304748,-1.42842504951,-1.36880921858,118.0
2006,2,17,15,6,1140224761.083,L5,LT51070342006049BJC00,0.662805136229,0.694972240163,0.575300700034,0.211465822616,0.172196144267,0.694972240163,-13.8391977547,-15.2876248021,1.44842704741,1.06471298965,2.0
2006,4,6,15,6,1144372019.228,L5,LT51070342006097BJC00,0.511001346463,0.541308259068,0.399625427763,0.202317790055,0.261741491898,0.541308259068,-7.32432139215,-7.21994424865,-0.104377143502,-0.0831154175704,1.0
2006,4,22,15,7,1145754434.05,L5,LT51070342006113BJC00,0.232046513658,0.243751497292,0.169974406711,0.193108894061,0.302673384165,0.243751497292,4.43654235782,4.58498077064,-0.148438412814,-0.133002016455,20.0
2006,5,8,15,7,1147136846.993,L5,LT51070342006129BJC00,0.0393298396062,0.0454531349545,0.040620889358,0.368473718762,0.134716678057,0.0454531349545,5.47941012582,14.1679530119,-8.6885428861,-8.1765140781,34.0
2006,5,24,15,7,1148519258.914,L5,LT51070342006145BJC00,0.0594307051205,0.0876432697607,0.0573598310992,0.321936157667,0.345530680726,0.0876432697607,9.77136173784,14.9755222547,-5.20416051688,-5.00997919152,77.0
2006,6,1,15,5,1149210304.941,L7,LE71070332006153EDC00,0.0859832358703,0.103915590787,0.0851057334388,0.325558133206,0.181010926325,0.103915590787,11.2280347785,18.1942041434,-6.96616936488,-6.84416932841,9.0
2006,6,1,15,5,1149210328.827,L7,LE71070342006153HIJ00,0.0833537286492,0.101221084054,0.0821552967959,0.322857047224,0.188357864728,0.101221084054,10.7125376788,17.1558581773,-6.44332049844,-6.28809210459,9.0
2006,7,19,15,4,1153357486.783,L7,LE71070332006201EDC00,0.0712532730689,0.0976516222844,0.0816083635603,0.398710467378,0.270331906403,0.0976516222844,19.4462586473,16.4450362897,3.00122235761,3.03081277708,2.0
2006,8,4,15,4,1154739883.166,L7,LE71070332006217EDC00,0.0643289471149,0.0925121140599,0.086392071298,0.463807930849,0.30464298899,0.0925121140599,15.5118998413,20.0000028939,-4.48810305259,-4.52514554119,31.0
2006,8,4,15,5,1154739907.051,L7,LE71070342006217EDC00,0.0654860806451,0.0933140971562,0.0858391008519,0.455230991152,0.298218783219,0.0933140971562,15.4249652723,18.8810591237,-3.45609385138,-3.46700467481,32.0
2006,8,12,15,8,1155431329.538,L5,LT51070342006225BJC00,-0.0348150100254,-0.00724213270974,-0.0361128227465,0.325841232524,-3.98649005671,-0.00724213270974,16.7140958859,20.3239813727,-3.60988548672,-3.66296777529,76.0
2006,8,28,15,9,1156813740.518,L5,LT51070342006241HAJ00,0.0959285289576,0.101532198356,0.105649351168,0.57058992752,0.0920102405035,0.105649351168,14.7666599226,12.2277008698,2.53895905273,2.46840535364,6.0
2006,9,29,15,9,1159578563.818,L5,LT51070342006273BJC00,0.0910361910464,0.110220444078,0.11723937973,0.544644284431,0.223501597704,0.11723937973,11.1088651392,7.74868537218,3.36017976697,3.15091927508,46.0
2006,10,15,15,9,1160960951.348,L5,LT51070332006289BJC01,0.034713714545,0.0589087338074,0.0490586618346,0.43214807377,0.410720409328,0.0589087338074,8.09401808663,10.4202439919,-2.3262259053,-2.17797090974,99.0
2006,10,15,15,9,1160960975.036,L5,LT51070342006289HAJ00,0.0356893799399,0.058194130584,0.0476615423916,0.421997297675,0.38671856454,0.058194130584,8.13803618811,10.4585716217,-2.32053543363,-2.17345342134,104.0
2006,11,8,15,4,1163034293.43,L7,LE71070332006313EDC00,0.0131595693318,0.0335074312035,0.019550522449,0.385680791734,0.607264154273,0.0335074312035,5.88021795884,7.29740733849,-1.41718937965,-1.29479348071,71.0
2006,11,8,15,5,1163034317.315,L7,LE71070342006313EDC00,0.0133711098984,0.0308428647332,0.0144741557141,0.343855514478,0.566476395299,0.0308428647332,6.50451311143,7.51838177237,-1.01386866094,-0.929940479723,72.0
2007,2,4,15,10,1170637823.848,L5,LT51070342007036BJC01,0.267075195421,0.304292686268,0.352192950131,0.593792151095,0.241679325717,0.352192950131,-9.12865773101,-6.94907535281,-2.1795823782,-1.72152025907,16.0
2007,2,20,15,10,1172020225.398,L5,LT51070342007052BJC00,0.260160412487,0.291506501635,0.325288551881,0.586450215837,0.20021651244,0.325288551881,-7.82125311424,-6.14968214449,-1.67157096975,-1.33511178313,14.0
2007,4,9,15,10,1176167414.93,L5,LT51070342007100HAJ00,-0.0380600800598,-0.0170497097795,-0.032878378399,0.374437651437,-1.23230075773,-0.0170497097795,-1.09649192918,-3.96075579527,2.86426386609,2.39556962825,25.0
2007,5,3,15,5,1178240752.069,L7,LE71070342007124EDC00,-0.0333897819798,-0.043130486073,-0.0720381272675,0.124660969654,-1.15749019598,-0.0333897819798,2.32481688967,8.95192207328,-6.62710518361,-6.00133107728,8.0
2007,8,23,15,5,1187917524.414,L7,LE71070342007236EDC00,0.0298687791118,0.0651871446682,0.0422309194656,0.391670028511,0.54179954861,0.0651871446682,16.8185702938,24.0989878068,-7.28041751299,-7.50665626279,100.0
2007,9,8,15,5,1189299916.601,L7,LE71070342007252EDC00,0.128465424532,0.177211162391,0.175648944674,0.494658617739,0.275071486477,0.177211162391,15.999934059,15.9143315563,0.085602502689,0.0850068934117,30.0
2008,3,10,15,5,1205197532.622,L5,LT51070342008071BJC00,0.358069540898,0.396011482822,0.422173552971,0.568019845933,0.151842794562,0.422173552971,-3.95331890477,-3.66928216164,-0.284036743131,-0.234476850659,9.0
2008,5,5,15,5,1210035928.551,L7,LE71070342008127EDC00,-0.0629673780096,-0.0592149900293,-0.0893251557308,0.187436993968,-0.508488909423,-0.0592149900293,0.42214749986,5.69908527839,-5.27693777853,-4.66329534792,13.0
2008,6,14,15,3,1213491787.41,L5,LT51070342008167BJC00,0.0228382425626,0.0351360159037,0.0231447249262,0.337486962817,0.350004775009,0.0351360159037,12.723211947,15.1230218761,-2.39980992916,-2.34178206682,78.0
2008,6,30,15,2,1214874160.554,L5,LT51070342008183BJC00,0.0431821473093,0.0748659638,0.0521800990432,0.380665340283,0.423207221046,0.0748659638,18.3999532125,19.3643488051,-0.964395592597,-0.981538181208,88.0
2008,8,9,15,4,1218330277.461,L7,LE71070342008223HIJ00,-0.0345208117766,0.00787943806827,-0.00284832756519,0.457831358413,5.38112610031,0.00787943806827,13.0772186882,16.1087794685,-3.03156078025,-2.97545469293,1.0
2008,9,2,15,0,1220403650.855,L5,LT51070342008247BJC00,0.0504392964881,0.0690546229723,0.0665516868246,0.477590722088,0.269573935573,0.0690546229723,17.0742586162,15.2896661926,1.78459242357,1.77556976157,15.0
2008,9,10,15,4,1221095062.595,L7,LE71070342008255EDC01,0.0271706853993,0.0519709795485,0.0473864410848,0.469190295109,0.477195049326,0.0519709795485,20.2757292019,28.6760710041,-8.40034180221,-8.94563553515,89.0
2008,9,18,15,0,1221786022.979,L5,LT51070342008263BJC00,0.00216486891326,0.0253708088533,0.00842248221991,0.378275945173,0.914670875266,0.0253708088533,13.7590774713,18.7674151469,-5.00833767564,-4.98644071824,28.0
2008,10,12,15,4,1223859843.9,L7,LE71070342008287EDC00,0.0231278693709,0.043259479754,0.0292595981161,0.384097021455,0.465368758421,0.043259479754,10.6507418089,18.0841234424,-7.43338163343,-7.28155952914,95.0
2008,10,20,14,59,1224550760.096,L5,LT51070342008295BJC01,0.0414982751124,0.0641651617349,0.0488973155152,0.387737514242,0.35325846627,0.0641651617349,10.3869048252,15.5833429693,-5.1964381441,-5.02947968016,79.0
2008,11,13,15,4,1226624674.285,L7,LE71070342008319EDC00,0.0222469184192,0.0360389111885,0.0307716085753,0.436348301253,0.382697265663,0.0360389111885,4.77248979085,8.84227073509,-4.06978094424,-3.72583890951,85.0
2009,4,6,15,5,1239066344.095,L7,LE71070342009097EDC00,-0.0143604840738,-0.0199436004483,-0.0259140482941,0.0861270705724,-0.804538632614,-0.0143604840738,2.71080364618,0.420938408808,2.28986523737,1.99456163775,10.0
2009,4,30,15,2,1241139774.435,L5,LT51070342009121BJC00,0.429724450269,0.45705324093,0.350168981153,0.209280971644,0.233855162168,0.45705324093,0.71976132582,4.36426970687,-3.64450838105,-3.2046683658,12.0
2009,5,8,15,5,1241831151.309,L7,LE71070342009129EDC00,-0.0386280489399,-0.0232736602173,-0.0533200266031,0.251837191257,-1.29100305261,-0.0232736602173,3.57406981972,17.0673480599,-13.4932782402,-12.7548597261,13.0
2009,5,24,15,5,1243213552.47,L7,LE71070342009145EDC00,0.0287027891631,0.0749332058707,0.0702503698743,0.48311776701,0.61695500907,0.0749332058707,9.32471228832,12.8518444449,-3.52713215654,-3.35710732347,92.0
2009,6,1,15,3,1243904610.006,L5,LT51070342009153HAJ00,0.0711800963193,0.102566599938,0.0629878196433,0.298835568727,0.385883711837,0.102566599938,10.6819269123,16.1248611989,-5.44293428657,-5.28734244844,78.0
2009,6,25,15,5,1245978349.878,L7,LE71070342009177EDC00,0.0197241936345,0.0462260420975,0.0142606280144,0.304846473515,0.691502292489,0.0462260420975,14.2432437257,23.1593160297,-8.91607230395,-9.06077610754,60.0
2009,9,13,15,5,1252890335.357,L7,LE71070342009257EDC00,0.00896170947831,0.0308243874156,0.0173145938189,0.397010225711,0.709265609809,0.0308243874156,13.4425774926,16.6084053207,-3.16582782812,-3.11882960297,121.0
2009,10,15,15,5,1255655134.912,L7,LE71070342009289EDC00,0.0336562816091,0.0562473664319,0.042883135627,0.401404832115,0.401638090028,0.0562473664319,11.9968776484,17.3059648649,-5.30908721657,-5.2134411199,52.0
2010,2,12,15,6,1266023180.062,L5,LT51070342010044BJC00,0.364678239224,0.416189380736,0.440239428406,0.55304762037,0.171636578431,0.440239428406,-12.9227888207,-13.3416393703,0.418850549599,0.312903771993,2.0
2010,4,9,15,7,1270861658.736,L7,LE71070342010100EDC00,0.388880759154,0.406325134207,0.378862175403,0.27253274843,0.0675886291329,0.406325134207,-8.51628868944,-5.95530131368,-2.56098737576,-2.04010167292,20.0
2010,8,23,15,5,1282611943.593,L5,LT51070342010236HAJ00,0.0327929272456,0.0587614727101,0.0429411995984,0.398465157053,0.441931494682,0.0587614727101,20.6461360667,25.2036957918,-4.55755972504,-4.79398268785,86.0
2010,8,31,15,7,1283303262.235,L7,LE71070342010244EDC00,0.0187027850874,0.024242903979,0.0269273192874,0.554398527687,0.305434570451,0.0269273192874,20.267320621,18.3478729495,1.91944767148,1.96046366528,30.0
2010,9,8,15,5,1283994339.934,L5,LT51070342010252HAJ01,0.0492537404335,0.080150166374,0.0742968146179,0.468424871281,0.385481744309,0.080150166374,19.3418340708,22.5643227314,-3.22248866062,-3.3361024241,98.0
2010,9,16,15,7,1284685663.12,L7,LE71070342010260EDC00,0.0317938451921,0.053341285007,0.0420047739179,0.412313549494,0.40395426942,0.053341285007,18.5240319737,20.4021678465,-1.87813587273,-1.92073572043,72.0
2010,11,3,15,7,1288832879.507,L7,LE71070342010308EDC00,-0.0501516975419,-0.0181061596224,-0.0453668747424,0.3582188718,-1.76986940289,-0.0181061596224,2.5122288904,-2.09124008191,4.60346897231,3.95694003375,67.0
2010,11,19,15,8,1290215293.15,L7,LE71070342010324EDC00,0.0806111010197,0.0893675434968,0.09721270939,0.578759094884,0.170776110186,0.09721270939,-0.68125779892,-4.95094646119,4.26968866227,3.56064357286,8.0
2011,2,23,15,8,1298509735.661,L7,LE71070342011055EDC00,0.23464628934,0.261324179986,0.310124413496,0.607758007272,0.243380143167,0.310124413496,-3.56820378259,-2.21570586076,-1.35249792183,-1.12702308285,9.0
2011,4,4,15,5,1301965514.777,L5,LT51070342011095BJC00,0.0752949635768,0.0815318963806,0.055169848882,0.206097928623,0.323334163301,0.0815318963806,-2.90488433136,-3.77366806455,0.868783733191,0.720662029927,9.0
2011,4,12,15,9,1302656942.79,L7,LE71070342011103EDC00,-0.0522611938286,-0.0422655758799,-0.0371494768514,0.556425300494,-0.406781420843,-0.0371494768514,0.975446237249,-1.04463809105,2.0200843283,1.73217685109,27.0
2011,5,14,15,9,1305421740.039,L7,LE71070342011135EDC00,0.0385759667229,0.0605301270312,0.0342186537625,0.305732490944,0.434683926156,0.0605301270312,4.06961698113,9.8084086222,-5.73879164107,-5.26020697922,36.0
2011,5,30,15,9,1306804142.003,L7,LE71070342011151EDC02,0.0437688640658,0.0781400692131,0.0417304986551,0.324002611679,0.465952627438,0.0781400692131,8.62634317352,13.578677621,-4.95233444751,-4.7142003145,87.0
2011,6,7,15,4,1307495090.312,L5,LT51070342011159BJC00,0.045413047922,0.0795211802378,0.046552193361,0.338899676615,0.428918839155,0.0795211802378,15.4727152212,21.8939657204,-6.42125049927,-6.52454678004,79.0
2011,7,1,15,8,1309568937.196,L7,LE71070342011183EDC00,0.0412535383298,0.0861702025414,0.0699309794236,0.439743139126,0.521255177392,0.0861702025414,19.7429357107,22.2357391995,-2.49280348885,-2.58145632803,115.0
2011,7,9,15,4,1310259876.242,L5,LT51070342011191BJC00,0.0461942229789,0.0859276780038,0.0594150173999,0.388789515924,0.462405780628,0.0859276780038,18.6362405,24.0931473965,-5.45690689652,-5.66821518906,95.0
2011,7,25,15,4,1311642267.98,L5,LT51070342011207BJC00,0.0681501271489,0.0889102761024,0.0953581995155,0.53949761261,0.285324938021,0.0953581995155,15.8373738932,13.1019751063,2.73539878687,2.68191789303,49.0
2011,8,2,15,8,1312333732.883,L7,LE71070342011215EDC00,0.0950280191327,0.13001827726,0.132608068934,0.511485667206,0.283391878814,0.132608068934,16.1355374084,14.85928466,1.27625274849,1.26240660017,9.0
2011,9,27,15,3,1317171822.008,L5,LT51070342011271BJC00,0.0192912107635,0.0469340421607,0.0349818965958,0.427937039727,0.588971887454,0.0469340421607,14.3785695759,17.9230009142,-3.54443133828,-3.52557006168,96.0
2011,10,13,15,3,1318554207.003,L5,LT51070342011287BJC00,0.0350708253751,0.06241647565,0.0400776974784,0.363849290185,0.438115897928,0.06241647565,10.6768217928,17.1255444564,-6.44872266358,-6.29156082325,93.0
2012,6,1,15,9,1338599389.977,L7,LE71070342012154EDC00,0.0283484474597,0.0576591949817,0.0269090434806,0.325531724188,0.533308720507,0.0576591949817,13.3299368745,20.2427983718,-6.91286149737,-6.91320029537,72.0
2012,7,3,15,10,1341364202.855,L7,LE71070342012186EDC00,0.034514940598,0.0650483035331,0.037547620809,0.349887248567,0.469395222884,0.0650483035331,18.0398133164,26.8382397135,-8.79842639714,-9.218686118,87.0
2012,7,19,15,10,1342746616.015,L7,LE71070342012202EDC00,0.0696520567972,0.104260504006,0.09554449912,0.4580256383,0.331942067025,0.104260504006,16.7841936565,20.8105568965,-4.02636323999,-4.09503589046,46.0
2012,8,4,15,10,1344129026.144,L7,LE71070342012218EDC00,0.0437015525182,0.0732152386504,0.0556627210834,0.400879219851,0.403108515061,0.0732152386504,21.8946059967,21.5480558243,0.346550172386,0.361014621992,68.0
2012,8,20,15,10,1345511437.327,L7,LE71070342012234EDC00,0.0299170758289,0.0662049331604,0.05010985036,0.426076820255,0.548114099649,0.0662049331604,23.1485570828,26.9390500469,-3.79049296408,-4.05471591387,68.0
2012,10,7,15,11,1349658664.126,L7,LE71070342012282EDC00,0.0734775660724,0.098232434919,0.0961114071905,0.485719794211,0.252003005596,0.098232434919,12.0329622122,11.5461700605,0.486792151692,0.466220986718,23.0
2013,3,16,15,11,1363482692.895,L7,LE71070342013076EDC00,0.278325999034,0.292559884153,0.269403365744,0.269113595196,0.0791513794731,0.292559884153,-1.29952190908,-1.15552566965,-0.143996239428,-0.12201875378,15.0
2013,6,4,15,11,1370394667.136,L7,LE71070342013156EDC00,0.0445727281806,0.0761310315682,0.0340777707557,0.29173942273,0.552380020949,0.0761310315682,19.0491036285,27.1692957136,-8.12019208513,-8.55391906455,68.0
2013,6,12,15,17,1371086245.483,L8,LC81070342013164LGN00,0.0449255913363,0.081634495526,0.0502520845811,0.357516808535,0.449673927097,0.081634495526,21.4159662623,24.1571623515,-2.74119608912,-2.86140345389,88.0
2013,6,28,15,16,1372468619.652,L8,LC81070332013180LGN00,0.112443522841,0.140743898447,0.159284991533,0.56597107792,0.294073335105,0.159284991533,10.5977903453,8.60288769541,1.99490264985,1.84104434893,4.0
2013,6,28,15,17,1372468643.541,L8,LC81070342013180LGN00,0.111913735662,0.139844148304,0.158429449375,0.566591479121,0.293605222365,0.158429449375,10.6594148556,8.60738857361,2.052026282,1.89438265386,4.0
2013,7,22,15,10,1374541845.523,L7,LE71070342013204EDC00,0.0571230054248,0.103421324982,0.0840309525041,0.430197709611,0.44766705092,0.103421324982,18.8387503575,20.8274496249,-1.98869926732,-2.04001995062,101.0
2013,8,15,15,17,1376615822.143,L8,LC81070332013228LGN00,0.01977593811,0.0498445950003,0.0385609794449,0.437456381925,0.603248093201,0.0498445950003,20.5366493232,26.2422016396,-5.70555231641,-5.98737130882,77.0
2013,8,15,15,17,1376615846.029,L8,LC81070342013228LGN00,0.01840569184,0.047917003824,0.0365857507129,0.436006159732,0.61588391654,0.047917003824,20.484735369,26.2321364103,-5.7474010413,-6.02965000237,77.0
2013,9,8,15,11,1378689060.878,L7,LE71070342013252EDC00,0.0604787465878,0.101465177114,0.0803465164984,0.414123364147,0.403945784078,0.101465177114,17.4830639067,10.5263067186,6.95675718806,6.79330577916,18.0
2013,9,16,15,16,1379380619.74,L8,LC81070332013260LGN00,0.0371584621627,0.0836214914756,0.0550702064528,0.397584217513,0.555635022684,0.0836214914756,15.4053025483,17.1053948901,-1.7000923418,-1.67263350331,103.0
2013,9,16,15,17,1379380643.629,L8,LC81070342013260LGN00,-0.386229025366,-0.337046476347,-0.464687804828,0.230886395501,-0.378705423256,-0.337046476347,15.3438660681,17.102210447,-1.75834437889,-1.72942328091,102.0
2013,11,3,15,16,1383527806.724,L8,LC81070332013308LGN00,0.0683614312506,0.0994432081233,0.0794053899975,0.39255323568,0.312558066652,0.0994432081233,1.096142034,0.235195180626,0.860946853376,0.72454066631,10.0
2014,2,23,15,15,1393204546.68,L8,LC81070332014055LGN01,0.0933901027704,0.125846365371,0.202063351886,0.616890137997,0.53781770965,0.202063351886,-11.7785536103,-8.79535325752,-2.98320035274,-2.21756491021,9.0
2014,2,23,15,16,1393204570.558,L8,LC81070342014055LGN01,0.0982562811844,0.128235296261,0.199474467019,0.617302982941,0.507424270119,0.199474467019,-11.7808342999,-8.79663158567,-2.9842027142,-2.21826292813,9.0
2014,3,3,15,12,1393895532.225,L7,LE71070342014063EDC00,0.244490783124,0.272611599416,0.34716612923,0.62101984985,0.295752774999,0.34716612923,-9.68134609442,-6.66495004684,-3.01639604758,-2.37906156663,1.0
2014,3,27,15,15,1395969316.293,L8,LC81070332014087LGN00,0.210378115518,0.233163124199,0.263224766447,0.594807781002,0.200766256315,0.263224766447,-1.99483862659,-1.93081656344,-0.0640220631512,-0.0523583462778,4.0
2014,3,27,15,15,1395969340.179,L8,LC81070342014087LGN00,0.20453430699,0.225562304085,0.258265186855,0.601440372378,0.208045383582,0.258265186855,-1.99544983123,-1.93091642741,-0.0645334038261,-0.05277632265,4.0
2014,4,12,15,15,1397351703.573,L8,LC81070332014103LGN00,0.385023302091,0.406284831027,0.404427132836,0.485437718703,0.0523315844255,0.406284831027,0.480314430424,1.21308943419,-0.732775003761,-0.617876826386,20.0
2014,4,12,15,15,1397351727.459,L8,LC81070342014103LGN00,0.395752374443,0.416641416366,0.413881044423,0.477975917128,0.0501367389378,0.416641416366,0.482028863164,1.21389952604,-0.731870662877,-0.617122648365,19.0
2014,4,28,15,14,1398734088.736,L8,LC81070332014119LGN00,0.035690163854,0.0333804147044,0.029767478189,0.101669431734,0.16594728142,0.035690163854,9.69877886981,9.18496443346,0.513814436356,0.473441240093,19.0
2014,4,28,15,15,1398734112.623,L8,LC81070342014119LGN00,0.0305208681098,0.0282507901831,0.024264815456,0.10618982255,0.204976235647,0.0305208681098,9.37484261754,9.18146644528,0.193376172257,0.177892179538,17.0
2014,5,30,15,14,1401498877.434,L8,LC81070332014151LGN00,0.0590567911557,0.0947001630614,0.0564304760899,0.321895581622,0.404114266907,0.0947001630614,15.2423535911,22.5903410783,-7.34798748714,-7.40889975101,75.0
2014,5,30,15,15,1401498901.319,L8,LC81070342014151LGN00,0.0589690329042,0.0938640646569,0.0559477500082,0.320052845659,0.403949208755,0.0938640646569,15.2507007618,22.5829586537,-7.33225789186,-7.39307208543,76.0
2014,6,15,15,14,1402881284.577,L8,LC81070332014167LGN00,0.0447061595178,0.0597493715775,0.0363500166904,0.273815005672,0.391625121224,0.0597493715775,17.3692265269,18.5420769816,-1.17285045475,-1.17221705204,26.0
2014,6,15,15,15,1402881308.462,L8,LC81070342014167LGN00,0.0451031129321,0.0600162930202,0.0368879479197,0.274133500281,0.385367771593,0.0600162930202,17.2870051934,18.5363283173,-1.24932312392,-1.24814376183,26.0
2014,7,1,15,14,1404263688.649,L8,LC81070332014183LGN00,0.0563940996253,0.102176448274,0.0684856193579,0.377351461461,0.448071443291,0.102176448274,17.4407738925,18.1499007565,-0.709126864041,-0.707699746149,103.0
2014,7,1,15,15,1404263712.535,L8,LC81070342014183LGN00,0.0557211143132,0.10160576121,0.0677166150976,0.376904555211,0.451594932713,0.10160576121,17.3976229718,18.1469662481,-0.749343276269,-0.74767665197,102.0
2014,7,25,15,13,1406337181.739,L7,LE71070342014207EDC00,0.0385231255666,0.0768780614966,0.0503642826055,0.384787627945,0.498906127228,0.0768780614966,21.094715249,26.4646886001,-5.36997335105,-5.68717332204,61.0
2014,8,2,15,15,1407028501.339,L8,LC81070332014215LGN00,0.0332538866899,0.0734730828681,0.0483329524291,0.395820351027,0.547400416699,0.0734730828681,20.7259209191,24.1337421801,-3.40782126098,-3.54608751921,111.0
2014,8,2,15,15,1407028525.231,L8,LC81070342014215LGN00,0.0328634006944,0.0726204929054,0.0475697643512,0.394984235679,0.547463816623,0.0726204929054,20.6867493583,24.1268807705,-3.44013141224,-3.57898081994,111.0
2014,8,18,15,15,1408410906.406,L8,LC81070332014231LGN00,0.0651953712223,0.103415781603,0.09170769631,0.448944882344,0.369580056239,0.103415781603,14.6048342729,17.5394193646,-2.9345850917,-2.88225516608,14.0
2014,8,18,15,15,1408410930.292,L8,LC81070342014231LGN00,0.0630019202114,0.101712887706,0.0879627797101,0.440800119079,0.380590585596,0.101712887706,14.6830558502,17.5361479448,-2.85309209457,-2.80319645216,13.0
2014,9,3,15,15,1409793309.145,L8,LC81070332014247LGN00,0.0431125687093,0.0761979286986,0.077797212971,0.507684881434,0.445834020745,0.077797212971,16.9236532182,20.6700577851,-3.74640456688,-3.77333387732,122.0
2014,9,3,15,15,1409793333.035,L8,LC81070342014247LGN00,0.0423431344597,0.0751092739458,0.0761202499231,0.504988466123,0.44373363852,0.0761202499231,16.9416545802,20.6665019906,-3.7248474104,-3.7518688517,121.0
2014,9,11,15,13,1410484382.875,L7,LE71070342014255EDC00,0.0666546379447,0.0944990466958,0.0868201809104,0.454037057289,0.294652800475,0.0944990466958,10.9429631418,11.8472185499,-0.904255408093,-0.863018921017,15.0
2014,9,19,15,15,1411175708.94,L8,LC81070332014263LGN00,0.042896943185,0.0746370724351,0.0651861070115,0.450373204484,0.425259568932,0.0746370724351,12.3197663105,12.5726853487,-0.252919038195,-0.239999252628,62.0
2014,9,19,15,15,1411175732.82,L8,LC81070342014263LGN00,0.0418889041792,0.0726102611455,0.0629793201175,0.447751108788,0.423099386804,0.0726102611455,12.2417740382,12.5685933141,-0.32681927588,-0.310001598005,62.0
2014,10,29,15,13,1414631613.815,L7,LE71070342014303ASN00,0.0266086446281,0.0474840237921,0.0328465436194,0.383136013501,0.439629532143,0.0474840237921,7.88227586856,6.94306961905,0.939206249516,0.86465520534,86.0
2015,3,14,15,14,1426382077.77,L8,LC81070332015074LGN00,0.266817365534,0.34662216672,0.438093131217,0.58900944444,0.390957432286,0.438093131217,-7.42055076017,-6.2867358301,-1.13381493007,-0.877475064916,3.0
2015,3,14,15,15,1426382101.656,L8,LC81070342015074LGN00,0.334905317783,0.375524214683,0.408118917334,0.57420001851,0.179392810383,0.408118917334,-7.61244790415,-6.28806081574,-1.32438708841,-1.02381872791,3.0
2015,3,30,15,14,1427764468.01,L8,LC81070332015090LGN00,0.558098046536,0.608801307419,0.610070830726,0.504071115701,0.0851913934777,0.610070830726,-3.12123606618,-2.33865592802,-0.78258013816,-0.634599083597,23.0
2015,3,30,15,14,1427764491.896,L8,LC81070342015090LGN00,0.552595709335,0.60088365267,0.601312182052,0.501466065987,0.081016939571,0.601312182052,-3.13624669645,-2.34548521265,-0.790761483801,-0.641155645735,24.0
2015,4,23,15,14,1429838080.917,L7,LE71070342015114EDC00,0.0901606309159,0.0992089556954,0.0935039660472,0.394916282162,0.0912047175179,0.0992089556954,8.56051034579,12.7167292468,-4.15621890104,-3.9400222419,10.0
2015,5,1,15,14,1430529254.898,L8,LC81070332015122LGN00,0.0273125418373,0.048868093812,0.034871509842,0.391778971945,0.441096639816,0.048868093812,12.9893481651,20.2467995768,-7.25745141168,-7.16445124778,39.0
2015,5,1,15,14,1430529278.787,L8,LC81070342015122LGN00,0.0268537776726,0.0480117679194,0.0337752021457,0.387855087624,0.440683423329,0.0480117679194,12.8643840156,20.2416219481,-7.37723793246,-7.27829849028,39.0
2015,5,25,15,14,1432602893.316,L7,LE71070342015146EDC00,0.0428259411201,0.0707460239645,0.0483816827396,0.366497881653,0.394652325033,0.0707460239645,17.9856329856,26.444195463,-8.45856247739,-8.84663017245,78.0
2015,7,20,15,14,1437441276.903,L8,LC81070332015202LGN00,0.0380358606914,0.0797192543263,0.0526054715445,0.391588390414,0.522877364912,0.0797192543263,18.0461809322,19.6986864457,-1.65250551349,-1.66552925913,97.0
2015,7,20,15,15,1437441300.788,L8,LC81070342015202LGN00,0.0377764886045,0.0792258866912,0.052011912893,0.390573506274,0.523179983434,0.0792258866912,18.0417916814,19.696540216,-1.65474853459,-1.66774028425,97.0
2015,7,28,15,15,1438132511.226,L7,LE71070342015210EDC00,0.0460585142698,0.0686614920914,0.0694809855639,0.505831248279,0.337106204006,0.0694809855639,18.1165198926,16.2747430708,1.84177682175,1.84825826219,21.0
2015,8,5,15,14,1438823679.268,L8,LC81070332015218LGN00,0.0344610512314,0.0665197184764,0.0522332932465,0.425727702482,0.481942316944,0.0665197184764,23.7903968663,30.4929792895,-6.70258242324,-7.26478825076,88.0
2015,8,5,15,15,1438823703.158,L8,LC81070342015218LGN00,0.0335901187318,0.06564522191,0.0512688808395,0.425251937834,0.488308246137,0.06564522191,23.7177905019,30.4848402906,-6.76704978873,-7.33215233266,87.0
2015,9,14,15,15,1442279721.64,L7,LE71070342015258EDC00,0.0506957983065,0.0852170434189,0.0870406647285,0.508362580877,0.417561912416,0.0870406647285,14.7213775443,11.9621523581,2.75922518622,2.67891718923,15.0
2015,9,22,15,15,1442970901.038,L8,LC81070332015266LGN00,0.0208992019965,0.0556823800013,0.0369450713667,0.410218532303,0.624671179716,0.0556823800013,13.4671281876,16.7343963992,-3.2672682116,-3.17988539738,90.0
2015,9,22,15,15,1442970924.924,L8,LC81070342015266LGN00,0.0175019918938,0.0513305690942,0.0323405095706,0.406439756486,0.659033745337,0.0513305690942,13.3741727867,16.7268514594,-3.35267867269,-3.26146638807,90.0
2015,10,16,15,15,1445044540.063,L7,LE71070342015290EDC00,0.00341351374198,0.0072280045354,0.00121517354456,0.272398636605,0.831879803256,0.0072280045354,12.5436955391,17.0582955316,-4.51459999248,-4.43899012541,92.0
