system:index,H2O,O3,date,doy,solar_z,swir,tir,vnir,.geo
20001219231929,5.489999389648437,0.258,2000-12-19T23:19:29,354.9718634259259,22.145448000000002,"{swir1=null, swir2=null, swir3=null, swir4=null, swir5=null, swir6=null}","{bkgd_rad={tir1=null, tir2=null, tir3=null, tir4=null, tir5=null}, lake_rad={tir1=null, tir2=null, tir3=null, tir4=null, tir5=null}}","{pixel_counts={valid={green=11786, red=11786, nir=11786}, cloud=11786.0, lake=70.0}, mean_radiance={green=null, red=null, nir=null}}","{""geodesic"":true,""type"":""Polygon"",""coordinates"":[[[167.82045,-15.38972],[167.82389,-15.396589999999993],[167.82706,-15.397670000000007],[167.840195,-15.395349000000005],[167.84174000000002,-15.392370000000001],[167.83908,-15.386000000000001],[167.82938,-15.382940000000001],[167.82157,-15.386740000000001],[167.82045,-15.38972]]]}"
20010120231842,4.810000610351563,0.249,2001-01-20T23:18:42,20.971319444444443,24.582828000000006,"{swir1=4.250040025173122, swir2=1.3738303118201558, swir3=1.1310689948892674, swir4=0.9880840535605735, swir5=0.5790031040779104, swir6=0.4977870967741831}","{bkgd_rad={tir1=7.639798519823786, tir2=8.242986607929515, tir3=8.736946519823794, tir4=8.847900092511018, tir5=8.471842621145377}, lake_rad={tir1=8.402555635359123, tir2=9.084675580110492, tir3=9.721123812154694, tir4=9.746730530386746, tir5=9.212454419889502}}","{pixel_counts={valid={green=8172, red=8157, nir=8194}, cloud=18.0, lake=6557.0}, mean_radiance={green=106.56002321319566, red=53.57488861689065, nir=24.974830788027475}}","{""geodesic"":true,""type"":""Polygon"",""coordinates"":[[[167.82045,-15.38972],[167.82389,-15.396589999999993],[167.82706,-15.397670000000007],[167.840195,-15.395349000000005],[167.84174000000002,-15.392370000000001],[167.83908,-15.386000000000001],[167.82938,-15.382940000000001],[167.82157,-15.386740000000001],[167.82045,-15.38972]]]}"
20010212232453,4.589999389648438,0.242,2001-02-12T23:24:53,43.97561342592593,23.914468999999997,"{swir1=null, swir2=null, swir3=null, swir4=null, swir5=null, swir6=null}","{bkgd_rad={tir1=6.542298000000001, tir2=7.1529, tir3=7.631220000000001, tir4=7.79941, tir5=7.508324999999999}, lake_rad={tir1=null, tir2=null, tir3=null, tir4=null, tir5=null}}","{pixel_counts={valid={green=11786, red=11786, nir=11786}, cloud=11786.0, lake=2262.0}, mean_radiance={green=null, red=null, nir=null}}","{""geodesic"":true,""type"":""Polygon"",""coordinates"":[[[167.82045,-15.38972],[167.82389,-15.396589999999993],[167.82706,-15.397670000000007],[167.840195,-15.395349000000005],[167.84174000000002,-15.392370000000001],[167.83908,-15.386000000000001],[167.82938,-15.382940000000001],[167.82157,-15.386740000000001],[167.82045,-15.38972]]]}"
20010316232337,4.469999694824219,0.24671176470588232,2001-03-16T23:23:37,75.97473379629629,27.005435,"{swir1=3.911936046511624, swir2=1.2042418604651162, swir3=0.9004360465116279, swir4=0.880227906976745, swir5=0.5054912790697664, swir6=0.5265488372093015}","{bkgd_rad={tir1=null, tir2=null, tir3=null, tir4=null, tir5=null}, lake_rad={tir1=8.034145363636362, tir2=8.616147272727273, tir3=9.365588181818183, tir4=9.452967727272728, tir5=8.9373625}}","{pixel_counts={valid={green=11786, red=11786, nir=11786}, cloud=11317.0, lake=3148.0}, mean_radiance={green=79.8948400852879, red=43.70730063965882, nir=25.591658848614017}}","{""geodesic"":true,""type"":""Polygon"",""coordinates"":[[[167.82045,-15.38972],[167.82389,-15.396589999999993],[167.82706,-15.397670000000007],[167.840195,-15.395349000000005],[167.84174000000002,-15.392370000000001],[167.83908,-15.386000000000001],[167.82938,-15.382940000000001],[167.82157,-15.386740000000001],[167.82045,-15.38972]]]}"
20010823232022,4.280000305175781,0.255,2001-08-23T23:20:22,235.97247685185187,34.992195,"{swir1=null, swir2=null, swir3=null, swir4=null, swir5=null, swir6=null}","{bkgd_rad={tir1=null, tir2=null, tir3=null, tir4=null, tir5=null}, lake_rad={tir1=null, tir2=null, tir3=null, tir4=null, tir5=null}}","{pixel_counts={valid={green=11786, red=11786, nir=11786}, cloud=11786.0, lake=0.0}, mean_radiance={green=null, red=null, nir=null}}","{""geodesic"":true,""type"":""Polygon"",""coordinates"":[[[167.82045,-15.38972],[167.82389,-15.396589999999993],[167.82706,-15.397670000000007],[167.840195,-15.395349000000005],[167.84174000000002,-15.392370000000001],[167.83908,-15.386000000000001],[167.82938,-15.382940000000001],[167.82157,-15.386740000000001],[167.82045,-15.38972]]]}"
20020130231519,4.85,0.253,2002-01-30T23:15:19,30.96896990740741,25.916281999999995,"{swir1=null, swir2=null, swir3=null, swir4=null, swir5=null, swir6=null}","{bkgd_rad={tir1=6.257467051094887, tir2=6.866259416058399, tir3=7.346936058394164, tir4=7.512204383211679, tir5=7.189962317518253}, lake_rad={tir1=null, tir2=null, tir3=null, tir4=null, tir5=null}}","{pixel_counts={valid={green=11786, red=11786, nir=11786}, cloud=11736.0, lake=8816.0}, mean_radiance={green=null, red=null, nir=null}}","{""geodesic"":true,""type"":""Polygon"",""coordinates"":[[[167.82045,-15.38972],[167.82389,-15.396589999999993],[167.82706,-15.397670000000007],[167.840195,-15.395349000000005],[167.84174000000002,-15.392370000000001],[167.83908,-15.386000000000001],[167.82938,-15.382940000000001],[167.82157,-15.386740000000001],[167.82045,-15.38972]]]}"
20020215231434,4.5,0.262,2002-02-15T23:14:34,46.96844907407407,26.362690999999998,"{swir1=5.8689418421052375, swir2=1.7357873684210594, swir3=1.5243421052631578, swir4=1.4842519736842061, swir5=0.9307330263157956, swir6=0.6289705263157902}","{bkgd_rad={tir1=7.375858374193548, tir2=8.011597935483868, tir3=8.482435419354843, tir4=8.607558896774194, tir5=8.264500483870968}, lake_rad={tir1=7.887287785714286, tir2=8.614393571428568, tir3=9.147547619047623, tir4=9.187214297619052, tir5=8.739869940476195}}","{pixel_counts={valid={green=11786, red=11786, nir=11786}, cloud=8514.0, lake=7395.0}, mean_radiance={green=167.49263632888, red=108.63021338432046, nir=43.771799617590766}}","{""geodesic"":true,""type"":""Polygon"",""coordinates"":[[[167.82045,-15.38972],[167.82389,-15.396589999999993],[167.82706,-15.397670000000007],[167.840195,-15.395349000000005],[167.84174000000002,-15.392370000000001],[167.83908,-15.386000000000001],[167.82938,-15.382940000000001],[167.82157,-15.386740000000001],[167.82045,-15.38972]]]}"
20020404231422,4.430000305175781,0.251,2002-04-04T23:14:22,94.96831018518519,32.126131,"{swir1=3.423293036211674, swir2=0.9872924791086354, swir3=0.7960480501392758, swir4=0.6818105849582154, swir5=0.41903272980501366, swir6=0.35524763231197987}","{bkgd_rad={tir1=7.3311659021739155, tir2=8.024645869565216, tir3=8.569578695652172, tir4=8.669974896739125, tir5=8.293324456521738}, lake_rad={tir1=7.7458562307692365, tir2=8.529500769230765, tir3=9.116166666666668, tir4=9.143322935897434, tir5=8.694801923076922}}","{pixel_counts={valid={green=11786, red=11786, nir=11786}, cloud=8339.0, lake=8563.0}, mean_radiance={green=158.71303240392515, red=94.24429691032365, nir=24.806697061040246}}","{""geodesic"":true,""type"":""Polygon"",""coordinates"":[[[167.82045,-15.38972],[167.82389,-15.396589999999993],[167.82706,-15.397670000000007],[167.840195,-15.395349000000005],[167.84174000000002,-15.392370000000001],[167.83908,-15.386000000000001],[167.82938,-15.382940000000001],[167.82157,-15.386740000000001],[167.82045,-15.38972]]]}"
20020515230825,4.380000305175781,0.239,2002-05-15T23:08:25,135.96417824074075,41.739215,"{swir1=null, swir2=null, swir3=null, swir4=null, swir5=null, swir6=null}","{bkgd_rad={tir1=null, tir2=null, tir3=null, tir4=null, tir5=null}, lake_rad={tir1=null, tir2=null, tir3=null, tir4=null, tir5=null}}","{pixel_counts={valid={green=11801, red=11801, nir=11801}, cloud=11801.0, lake=0.0}, mean_radiance={green=null, red=null, nir=null}}","{""geodesic"":true,""type"":""Polygon"",""coordinates"":[[[167.82045,-15.38972],[167.82389,-15.396589999999993],[167.82706,-15.397670000000007],[167.840195,-15.395349000000005],[167.84174000000002,-15.392370000000001],[167.83908,-15.386000000000001],[167.82938,-15.382940000000001],[167.82157,-15.386740000000001],[167.82045,-15.38972]]]}"
20021006230750,4.739999389648437,0.259,2002-10-06T23:07:50,279.96377314814816,24.035015,"{swir1=null, swir2=null, swir3=null, swir4=null, swir5=null, swir6=null}","{bkgd_rad={tir1=null, tir2=null, tir3=null, tir4=null, tir5=null}, lake_rad={tir1=null, tir2=null, tir3=null, tir4=null, tir5=null}}","{pixel_counts={valid={green=11786, red=11786, nir=11786}, cloud=11786.0, lake=2227.0}, mean_radiance={green=null, red=null, nir=null}}","{""geodesic"":true,""type"":""Polygon"",""coordinates"":[[[167.82045,-15.38972],[167.82389,-15.396589999999993],[167.82706,-15.397670000000007],[167.840195,-15.395349000000005],[167.84174000000002,-15.392370000000001],[167.83908,-15.386000000000001],[167.82938,-15.382940000000001],[167.82157,-15.386740000000001],[167.82045,-15.38972]]]}"
20030423231319,4.689999389648437,0.24,2003-04-23T23:13:19,113.96758101851852,36.618638,"{swir1=4.969142857142857, swir2=1.3919999999999997, swir3=1.2723214285714286, swir4=1.0660714285714288, swir5=0.7208142857142857, swir6=0.5360571428571429}","{bkgd_rad={tir1=5.9521709223529475, tir2=6.507906635294115, tir3=6.946325176470591, tir4=7.087450117647055, tir5=6.772792529411769}, lake_rad={tir1=null, tir2=null, tir3=null, tir4=null, tir5=null}}","{pixel_counts={valid={green=11786, red=11786, nir=11786}, cloud=11419.0, lake=8963.0}, mean_radiance={green=93.10151724137931, red=52.880275862068956, nir=35.936482758620684}}","{""geodesic"":true,""type"":""Polygon"",""coordinates"":[[[167.82045,-15.38972],[167.82389,-15.396589999999993],[167.82706,-15.397670000000007],[167.840195,-15.395349000000005],[167.84174000000002,-15.392370000000001],[167.83908,-15.386000000000001],[167.82938,-15.382940000000001],[167.82157,-15.386740000000001],[167.82045,-15.38972]]]}"
20030509231315,4.510000610351563,0.256,2003-05-09T23:13:15,129.9675347222222,40.108885,"{swir1=null, swir2=null, swir3=null, swir4=null, swir5=null, swir6=null}","{bkgd_rad={tir1=null, tir2=null, tir3=null, tir4=null, tir5=null}, lake_rad={tir1=null, tir2=null, tir3=null, tir4=null, tir5=null}}","{pixel_counts={valid={green=11786, red=11786, nir=11786}, cloud=11786.0, lake=0.0}, mean_radiance={green=null, red=null, nir=null}}","{""geodesic"":true,""type"":""Polygon"",""coordinates"":[[[167.82045,-15.38972],[167.82389,-15.396589999999993],[167.82706,-15.397670000000007],[167.840195,-15.395349000000005],[167.84174000000002,-15.392370000000001],[167.83908,-15.386000000000001],[167.82938,-15.382940000000001],[167.82157,-15.386740000000001],[167.82045,-15.38972]]]}"
20040402230643,5.060000610351563,0.249,2004-04-02T23:06:43,93.96299768518519,33.421456,"{swir1=null, swir2=null, swir3=null, swir4=null, swir5=null, swir6=null}","{bkgd_rad={tir1=null, tir2=null, tir3=null, tir4=null, tir5=null}, lake_rad={tir1=null, tir2=null, tir3=null, tir4=null, tir5=null}}","{pixel_counts={valid={green=11786, red=11786, nir=11786}, cloud=11786.0, lake=0.0}, mean_radiance={green=null, red=null, nir=null}}","{""geodesic"":true,""type"":""Polygon"",""coordinates"":[[[167.82045,-15.38972],[167.82389,-15.396589999999993],[167.82706,-15.397670000000007],[167.840195,-15.395349000000005],[167.84174000000002,-15.392370000000001],[167.83908,-15.386000000000001],[167.82938,-15.382940000000001],[167.82157,-15.386740000000001],[167.82045,-15.38972]]]}"
20050311231221,4.680000305175781,0.239,2005-03-11T23:12:21,70.96690972222223,29.111559999999997,"{swir1=null, swir2=null, swir3=null, swir4=null, swir5=null, swir6=null}","{bkgd_rad={tir1=null, tir2=null, tir3=null, tir4=null, tir5=null}, lake_rad={tir1=null, tir2=null, tir3=null, tir4=null, tir5=null}}","{pixel_counts={valid={green=11786, red=11786, nir=11786}, cloud=11786.0, lake=0.0}, mean_radiance={green=null, red=null, nir=null}}","{""geodesic"":true,""type"":""Polygon"",""coordinates"":[[[167.82045,-15.38972],[167.82389,-15.396589999999993],[167.82706,-15.397670000000007],[167.840195,-15.395349000000005],[167.84174000000002,-15.392370000000001],[167.83908,-15.386000000000001],[167.82938,-15.382940000000001],[167.82157,-15.386740000000001],[167.82045,-15.38972]]]}"
20050818231216,3.6800003051757812,0.276,2005-08-18T23:12:16,230.96685185185186,37.961613,"{swir1=null, swir2=null, swir3=null, swir4=null, swir5=null, swir6=null}","{bkgd_rad={tir1=null, tir2=null, tir3=null, tir4=null, tir5=null}, lake_rad={tir1=null, tir2=null, tir3=null, tir4=null, tir5=null}}","{pixel_counts={valid={green=11786, red=11786, nir=11786}, cloud=11786.0, lake=3545.0}, mean_radiance={green=null, red=null, nir=null}}","{""geodesic"":true,""type"":""Polygon"",""coordinates"":[[[167.82045,-15.38972],[167.82389,-15.396589999999993],[167.82706,-15.397670000000007],[167.840195,-15.395349000000005],[167.84174000000002,-15.392370000000001],[167.83908,-15.386000000000001],[167.82938,-15.382940000000001],[167.82157,-15.386740000000001],[167.82045,-15.38972]]]}"
20051005231204,2.8800003051757814,0.275,2005-10-05T23:12:04,278.96671296296296,23.033699999999996,"{swir1=5.981982379862687, swir2=1.9179816933638505, swir3=1.7227545766590389, swir4=1.260598970251717, swir5=1.022604233409607, swir6=0.8496494279176202}","{bkgd_rad={tir1=7.518562105263159, tir2=7.94273431578948, tir3=8.287283403508777, tir4=8.55094592631579, tir5=8.321518333333325}, lake_rad={tir1=7.844045379310345, tir2=8.299187586206896, tir3=8.664638045977014, tir4=8.928587103448278, tir5=8.666833620689657}}","{pixel_counts={valid={green=11786, red=11786, nir=11786}, cloud=7663.0, lake=8158.0}, mean_radiance={green=141.69446602544176, red=71.15169345330395, nir=34.70064846416353}}","{""geodesic"":true,""type"":""Polygon"",""coordinates"":[[[167.82045,-15.38972],[167.82389,-15.396589999999993],[167.82706,-15.397670000000007],[167.840195,-15.395349000000005],[167.84174000000002,-15.392370000000001],[167.83908,-15.386000000000001],[167.82938,-15.382940000000001],[167.82157,-15.386740000000001],[167.82045,-15.38972]]]}"
20051224231153,5.2,0.249,2005-12-24T23:11:53,358.96658564814817,23.826408999999998,"{swir1=7.165885489313939, swir2=2.293042069741278, swir3=2.0387021934758156, swir4=1.828807761529817, swir5=1.3298969628796304, swir6=0.8434869516310463}","{bkgd_rad={tir1=7.465762611940292, tir2=8.085023507462688, tir3=8.559991977611935, tir4=8.72409764925373, tir5=8.36664822761194}, lake_rad={tir1=8.39707146534654, tir2=9.20119841584158, tir3=9.79665485148515, tir4=9.776008326732677, tir5=9.243671658415842}}","{pixel_counts={valid={green=11786, red=11786, nir=11786}, cloud=2212.0, lake=8161.0}, mean_radiance={green=139.04243854302723, red=91.19946190683518, nir=46.910888114932675}}","{""geodesic"":true,""type"":""Polygon"",""coordinates"":[[[167.82045,-15.38972],[167.82389,-15.396589999999993],[167.82706,-15.397670000000007],[167.840195,-15.395349000000005],[167.84174000000002,-15.392370000000001],[167.83908,-15.386000000000001],[167.82938,-15.382940000000001],[167.82157,-15.386740000000001],[167.82045,-15.38972]]]}"
20060125231131,5.219999694824219,0.251,2006-01-25T23:11:31,25.966331018518517,26.014924999999998,"{swir1=6.522, swir2=2.088, swir3=1.75, swir4=1.4925000000000002, swir5=1.0008, swir6=0.795}","{bkgd_rad={tir1=6.750106615384615, tir2=7.344826153846155, tir3=7.831961538461538, tir4=7.961003615384616, tir5=7.593130769230769}, lake_rad={tir1=null, tir2=null, tir3=null, tir4=null, tir5=null}}","{pixel_counts={valid={green=11801, red=11801, nir=11801}, cloud=11801.0, lake=2810.0}, mean_radiance={green=null, red=null, nir=null}}","{""geodesic"":true,""type"":""Polygon"",""coordinates"":[[[167.82045,-15.38972],[167.82389,-15.396589999999993],[167.82706,-15.397670000000007],[167.840195,-15.395349000000005],[167.84174000000002,-15.392370000000001],[167.83908,-15.386000000000001],[167.82938,-15.382940000000001],[167.82157,-15.386740000000001],[167.82045,-15.38972]]]}"
20060210231149,4.65,0.241,2006-02-10T23:11:49,41.96653935185185,26.830634000000003,"{swir1=5.113001886792456, swir2=1.7006037735849047, swir3=1.3915094339622642, swir4=1.1996320754716985, swir5=0.7919066037735855, swir6=0.5859000000000002}","{bkgd_rad={tir1=7.6980206, tir2=8.30889, tir3=8.747565999999999, tir4=8.893161811111112, tir5=8.522149166666663}, lake_rad={tir1=7.6933968, tir2=8.291036, tir3=8.764260666666667, tir4=8.916376600000001, tir5=8.551234999999998}}","{pixel_counts={valid={green=11786, red=11786, nir=11786}, cloud=11127.0, lake=4611.0}, mean_radiance={green=75.26444137931037, red=42.09914482758617, nir=25.25362758620693}}","{""geodesic"":true,""type"":""Polygon"",""coordinates"":[[[167.82045,-15.38972],[167.82389,-15.396589999999993],[167.82706,-15.397670000000007],[167.840195,-15.395349000000005],[167.84174000000002,-15.392370000000001],[167.83908,-15.386000000000001],[167.82938,-15.382940000000001],[167.82157,-15.386740000000001],[167.82045,-15.38972]]]}"
20060226231204,4.819999694824219,0.238,2006-02-26T23:12:04,57.966712962962966,27.609867,"{swir1=null, swir2=null, swir3=null, swir4=null, swir5=null, swir6=null}","{bkgd_rad={tir1=null, tir2=null, tir3=null, tir4=null, tir5=null}, lake_rad={tir1=null, tir2=null, tir3=null, tir4=null, tir5=null}}","{pixel_counts={valid={green=11786, red=11786, nir=11786}, cloud=11786.0, lake=0.0}, mean_radiance={green=null, red=null, nir=null}}","{""geodesic"":true,""type"":""Polygon"",""coordinates"":[[[167.82045,-15.38972],[167.82389,-15.396589999999993],[167.82706,-15.397670000000007],[167.840195,-15.395349000000005],[167.84174000000002,-15.392370000000001],[167.83908,-15.386000000000001],[167.82938,-15.382940000000001],[167.82157,-15.386740000000001],[167.82045,-15.38972]]]}"
20060618231235,4.3899993896484375,0.222,2006-06-18T23:12:35,169.96707175925926,45.708552,"{swir1=null, swir2=null, swir3=null, swir4=null, swir5=null, swir6=null}","{bkgd_rad={tir1=null, tir2=null, tir3=null, tir4=null, tir5=null}, lake_rad={tir1=null, tir2=null, tir3=null, tir4=null, tir5=null}}","{pixel_counts={valid={green=11786, red=11786, nir=11786}, cloud=11786.0, lake=0.0}, mean_radiance={green=null, red=null, nir=null}}","{""geodesic"":true,""type"":""Polygon"",""coordinates"":[[[167.82045,-15.38972],[167.82389,-15.396589999999993],[167.82706,-15.397670000000007],[167.840195,-15.395349000000005],[167.84174000000002,-15.392370000000001],[167.83908,-15.386000000000001],[167.82938,-15.382940000000001],[167.82157,-15.386740000000001],[167.82045,-15.38972]]]}"
20060704231241,5.5,0.2520686274509804,2006-07-04T23:12:41,185.9671412037037,45.667211,"{swir1=null, swir2=null, swir3=null, swir4=null, swir5=null, swir6=null}","{bkgd_rad={tir1=6.931424879999998, tir2=7.563496799999999, tir3=8.029124199999998, tir4=8.2446026, tir5=7.899155000000003}, lake_rad={tir1=null, tir2=null, tir3=null, tir4=null, tir5=null}}","{pixel_counts={valid={green=11786, red=11786, nir=11786}, cloud=11786.0, lake=3.0}, mean_radiance={green=null, red=null, nir=null}}","{""geodesic"":true,""type"":""Polygon"",""coordinates"":[[[167.82045,-15.38972],[167.82389,-15.396589999999993],[167.82706,-15.397670000000007],[167.840195,-15.395349000000005],[167.84174000000002,-15.392370000000001],[167.83908,-15.386000000000001],[167.82938,-15.382940000000001],[167.82157,-15.386740000000001],[167.82045,-15.38972]]]}"
20061008231216,5.65,0.251,2006-10-08T23:12:16,281.96685185185186,22.697461000000004,"{swir1=null, swir2=null, swir3=null, swir4=null, swir5=null, swir6=null}","{bkgd_rad={tir1=null, tir2=null, tir3=null, tir4=null, tir5=null}, lake_rad={tir1=null, tir2=null, tir3=null, tir4=null, tir5=null}}","{pixel_counts={valid={green=11786, red=11786, nir=11786}, cloud=11786.0, lake=0.0}, mean_radiance={green=null, red=null, nir=null}}","{""geodesic"":true,""type"":""Polygon"",""coordinates"":[[[167.82045,-15.38972],[167.82389,-15.396589999999993],[167.82706,-15.397670000000007],[167.840195,-15.395349000000005],[167.84174000000002,-15.392370000000001],[167.83908,-15.386000000000001],[167.82938,-15.382940000000001],[167.82157,-15.386740000000001],[167.82045,-15.38972]]]}"
20061017230558,4.439999389648437,0.247,2006-10-17T23:05:58,290.9624768518519,22.386173,"{swir1=null, swir2=null, swir3=null, swir4=null, swir5=null, swir6=null}","{bkgd_rad={tir1=null, tir2=null, tir3=null, tir4=null, tir5=null}, lake_rad={tir1=null, tir2=null, tir3=null, tir4=null, tir5=null}}","{pixel_counts={valid={green=11786, red=11786, nir=11786}, cloud=11786.0, lake=0.0}, mean_radiance={green=null, red=null, nir=null}}","{""geodesic"":true,""type"":""Polygon"",""coordinates"":[[[167.82045,-15.38972],[167.82389,-15.396589999999993],[167.82706,-15.397670000000007],[167.840195,-15.395349000000005],[167.84174000000002,-15.392370000000001],[167.83908,-15.386000000000001],[167.82938,-15.382940000000001],[167.82157,-15.386740000000001],[167.82045,-15.38972]]]}"
20061024231214,5.260000610351563,0.255,2006-10-24T23:12:14,297.9668287037037,19.895281999999995,"{swir1=null, swir2=null, swir3=null, swir4=null, swir5=null, swir6=null}","{bkgd_rad={tir1=null, tir2=null, tir3=null, tir4=null, tir5=null}, lake_rad={tir1=null, tir2=null, tir3=null, tir4=null, tir5=null}}","{pixel_counts={valid={green=11801, red=11801, nir=11801}, cloud=11801.0, lake=0.0}, mean_radiance={green=null, red=null, nir=null}}","{""geodesic"":true,""type"":""Polygon"",""coordinates"":[[[167.82045,-15.38972],[167.82389,-15.396589999999993],[167.82706,-15.397670000000007],[167.840195,-15.395349000000005],[167.84174000000002,-15.392370000000001],[167.83908,-15.386000000000001],[167.82938,-15.382940000000001],[167.82157,-15.386740000000001],[167.82045,-15.38972]]]}"
20061125231225,4.939999389648437,0.25,2006-11-25T23:12:25,329.96695601851854,20.441742000000005,"{swir1=null, swir2=null, swir3=null, swir4=null, swir5=null, swir6=null}","{bkgd_rad={tir1=null, tir2=null, tir3=null, tir4=null, tir5=null}, lake_rad={tir1=null, tir2=null, tir3=null, tir4=null, tir5=null}}","{pixel_counts={valid={green=11786, red=11786, nir=11786}, cloud=11786.0, lake=0.0}, mean_radiance={green=null, red=null, nir=null}}","{""geodesic"":true,""type"":""Polygon"",""coordinates"":[[[167.82045,-15.38972],[167.82389,-15.396589999999993],[167.82706,-15.397670000000007],[167.840195,-15.395349000000005],[167.84174000000002,-15.392370000000001],[167.83908,-15.386000000000001],[167.82938,-15.382940000000001],[167.82157,-15.386740000000001],[167.82045,-15.38972]]]}"
20061227231246,4.989999389648437,0.255,2006-12-27T23:12:46,361.9671990740741,24.220460000000003,"{swir1=null, swir2=null, swir3=null, swir4=null, swir5=null, swir6=null}","{bkgd_rad={tir1=null, tir2=null, tir3=null, tir4=null, tir5=null}, lake_rad={tir1=null, tir2=null, tir3=null, tir4=null, tir5=null}}","{pixel_counts={valid={green=11786, red=11786, nir=11786}, cloud=11786.0, lake=69.0}, mean_radiance={green=null, red=null, nir=null}}","{""geodesic"":true,""type"":""Polygon"",""coordinates"":[[[167.82045,-15.38972],[167.82389,-15.396589999999993],[167.82706,-15.397670000000007],[167.840195,-15.395349000000005],[167.84174000000002,-15.392370000000001],[167.83908,-15.386000000000001],[167.82938,-15.382940000000001],[167.82157,-15.386740000000001],[167.82045,-15.38972]]]}"
20070121230655,4.839999389648438,0.242,2007-01-21T23:06:55,21.963136574074074,27.266162,"{swir1=4.279877857713843, swir2=1.5834973621103203, swir3=1.1398880895283774, swir4=1.0740273381294894, swir5=0.6875666666666638, swir6=0.6167573141486838}","{bkgd_rad={tir1=7.351821876106199, tir2=7.912019999999999, tir3=8.33769132743363, tir4=8.569375654867255, tir5=8.249442699115045}, lake_rad={tir1=7.8734570445859795, tir2=8.52470560509554, tir3=9.017680445859872, tir4=9.186797726114644, tir5=8.772608598726112}}","{pixel_counts={valid={green=11786, red=11786, nir=11786}, cloud=5903.0, lake=7924.0}, mean_radiance={green=77.38297398720685, red=44.45273859275043, nir=25.401798294243175}}","{""geodesic"":true,""type"":""Polygon"",""coordinates"":[[[167.82045,-15.38972],[167.82389,-15.396589999999993],[167.82706,-15.397670000000007],[167.840195,-15.395349000000005],[167.84174000000002,-15.392370000000001],[167.83908,-15.386000000000001],[167.82938,-15.382940000000001],[167.82157,-15.386740000000001],[167.82045,-15.38972]]]}"
20070520231250,3.3800003051757814,0.261,2007-05-20T23:12:50,140.96724537037036,42.381403,"{swir1=null, swir2=null, swir3=null, swir4=null, swir5=null, swir6=null}","{bkgd_rad={tir1=null, tir2=null, tir3=null, tir4=null, tir5=null}, lake_rad={tir1=null, tir2=null, tir3=null, tir4=null, tir5=null}}","{pixel_counts={valid={green=11786, red=11786, nir=11786}, cloud=11786.0, lake=0.0}, mean_radiance={green=null, red=null, nir=null}}","{""geodesic"":true,""type"":""Polygon"",""coordinates"":[[[167.82045,-15.38972],[167.82389,-15.396589999999993],[167.82706,-15.397670000000007],[167.840195,-15.395349000000005],[167.84174000000002,-15.392370000000001],[167.83908,-15.386000000000001],[167.82938,-15.382940000000001],[167.82157,-15.386740000000001],[167.82045,-15.38972]]]}"
20070605231256,3.7399993896484376,0.254,2007-06-05T23:12:56,156.9673148148148,44.371608,"{swir1=null, swir2=null, swir3=null, swir4=null, swir5=null, swir6=null}","{bkgd_rad={tir1=7.111935, tir2=7.590209999999999, tir3=7.987080000000001, tir4=8.2975475, tir5=8.05695}, lake_rad={tir1=null, tir2=null, tir3=null, tir4=null, tir5=null}}","{pixel_counts={valid={green=11786, red=11786, nir=11786}, cloud=11786.0, lake=4077.0}, mean_radiance={green=null, red=null, nir=null}}","{""geodesic"":true,""type"":""Polygon"",""coordinates"":[[[167.82045,-15.38972],[167.82389,-15.396589999999993],[167.82706,-15.397670000000007],[167.840195,-15.395349000000005],[167.84174000000002,-15.392370000000001],[167.83908,-15.386000000000001],[167.82938,-15.382940000000001],[167.82157,-15.386740000000001],[167.82045,-15.38972]]]}"
20070707231310,3.9300003051757812,0.251,2007-07-07T23:13:10,188.96747685185184,45.382626,"{swir1=null, swir2=null, swir3=null, swir4=null, swir5=null, swir6=null}","{bkgd_rad={tir1=null, tir2=null, tir3=null, tir4=null, tir5=null}, lake_rad={tir1=null, tir2=null, tir3=null, tir4=null, tir5=null}}","{pixel_counts={valid={green=11786, red=11786, nir=11786}, cloud=11786.0, lake=0.0}, mean_radiance={green=null, red=null, nir=null}}","{""geodesic"":true,""type"":""Polygon"",""coordinates"":[[[167.82045,-15.38972],[167.82389,-15.396589999999993],[167.82706,-15.397670000000007],[167.840195,-15.395349000000005],[167.84174000000002,-15.392370000000001],[167.83908,-15.386000000000001],[167.82938,-15.382940000000001],[167.82157,-15.386740000000001],[167.82045,-15.38972]]]}"
20070723231315,4.45,0.257,2007-07-23T23:13:15,204.9675347222222,43.553201,"{swir1=null, swir2=null, swir3=null, swir4=null, swir5=null, swir6=null}","{bkgd_rad={tir1=6.726492, tir2=7.2546, tir3=7.59827, tir4=7.958814, tir5=7.738224999999999}, lake_rad={tir1=null, tir2=null, tir3=null, tir4=null, tir5=null}}","{pixel_counts={valid={green=11786, red=11786, nir=11786}, cloud=11786.0, lake=672.0}, mean_radiance={green=null, red=null, nir=null}}","{""geodesic"":true,""type"":""Polygon"",""coordinates"":[[[167.82045,-15.38972],[167.82389,-15.396589999999993],[167.82706,-15.397670000000007],[167.840195,-15.395349000000005],[167.84174000000002,-15.392370000000001],[167.83908,-15.386000000000001],[167.82938,-15.382940000000001],[167.82157,-15.386740000000001],[167.82045,-15.38972]]]}"
20070808231317,4.05,0.254,2007-08-08T23:13:17,220.96755787037037,40.314414,"{swir1=null, swir2=null, swir3=null, swir4=null, swir5=null, swir6=null}","{bkgd_rad={tir1=null, tir2=null, tir3=null, tir4=null, tir5=null}, lake_rad={tir1=null, tir2=null, tir3=null, tir4=null, tir5=null}}","{pixel_counts={valid={green=11786, red=11786, nir=11786}, cloud=11786.0, lake=1.0}, mean_radiance={green=null, red=null, nir=null}}","{""geodesic"":true,""type"":""Polygon"",""coordinates"":[[[167.82045,-15.38972],[167.82389,-15.396589999999993],[167.82706,-15.397670000000007],[167.840195,-15.395349000000005],[167.84174000000002,-15.392370000000001],[167.83908,-15.386000000000001],[167.82938,-15.382940000000001],[167.82157,-15.386740000000001],[167.82045,-15.38972]]]}"
20070824231317,4.830000305175782,0.253,2007-08-24T23:13:17,236.96755787037037,35.863158,"{swir1=null, swir2=null, swir3=null, swir4=null, swir5=null, swir6=null}","{bkgd_rad={tir1=null, tir2=null, tir3=null, tir4=null, tir5=null}, lake_rad={tir1=null, tir2=null, tir3=null, tir4=null, tir5=null}}","{pixel_counts={valid={green=11786, red=11786, nir=11786}, cloud=11786.0, lake=0.0}, mean_radiance={green=null, red=null, nir=null}}","{""geodesic"":true,""type"":""Polygon"",""coordinates"":[[[167.82045,-15.38972],[167.82389,-15.396589999999993],[167.82706,-15.397670000000007],[167.840195,-15.395349000000005],[167.84174000000002,-15.392370000000001],[167.83908,-15.386000000000001],[167.82938,-15.382940000000001],[167.82157,-15.386740000000001],[167.82045,-15.38972]]]}"
20070909231315,4.480000305175781,0.259,2007-09-09T23:13:15,252.9675347222222,30.822414000000002,"{swir1=null, swir2=null, swir3=null, swir4=null, swir5=null, swir6=null}","{bkgd_rad={tir1=null, tir2=null, tir3=null, tir4=null, tir5=null}, lake_rad={tir1=null, tir2=null, tir3=null, tir4=null, tir5=null}}","{pixel_counts={valid={green=11786, red=11786, nir=11786}, cloud=11786.0, lake=0.0}, mean_radiance={green=null, red=null, nir=null}}","{""geodesic"":true,""type"":""Polygon"",""coordinates"":[[[167.82045,-15.38972],[167.82389,-15.396589999999993],[167.82706,-15.397670000000007],[167.840195,-15.395349000000005],[167.84174000000002,-15.392370000000001],[167.83908,-15.386000000000001],[167.82938,-15.382940000000001],[167.82157,-15.386740000000001],[167.82045,-15.38972]]]}"
20071112231237,4.5,0.26,2007-11-12T23:12:37,316.9670949074074,19.163019000000006,"{swir1=null, swir2=null, swir3=null, swir4=null, swir5=null, swir6=null}","{bkgd_rad={tir1=null, tir2=null, tir3=null, tir4=null, tir5=null}, lake_rad={tir1=null, tir2=null, tir3=null, tir4=null, tir5=null}}","{pixel_counts={valid={green=11786, red=11786, nir=11786}, cloud=11786.0, lake=0.0}, mean_radiance={green=null, red=null, nir=null}}","{""geodesic"":true,""type"":""Polygon"",""coordinates"":[[[167.82045,-15.38972],[167.82389,-15.396589999999993],[167.82706,-15.397670000000007],[167.840195,-15.395349000000005],[167.84174000000002,-15.392370000000001],[167.83908,-15.386000000000001],[167.82938,-15.382940000000001],[167.82157,-15.386740000000001],[167.82045,-15.38972]]]}"
20071128231249,5.1399993896484375,0.254,2007-11-28T23:12:49,332.9672337962963,20.519412000000003,"{swir1=null, swir2=null, swir3=null, swir4=null, swir5=null, swir6=null}","{bkgd_rad={tir1=6.470257679999999, tir2=7.023537600000002, tir3=7.497838399999999, tir4=7.74498492, tir5=7.469450999999999}, lake_rad={tir1=null, tir2=null, tir3=null, tir4=null, tir5=null}}","{pixel_counts={valid={green=11786, red=11786, nir=11786}, cloud=11786.0, lake=200.0}, mean_radiance={green=null, red=null, nir=null}}","{""geodesic"":true,""type"":""Polygon"",""coordinates"":[[[167.82045,-15.38972],[167.82389,-15.396589999999993],[167.82706,-15.397670000000007],[167.840195,-15.395349000000005],[167.84174000000002,-15.392370000000001],[167.83908,-15.386000000000001],[167.82938,-15.382940000000001],[167.82157,-15.386740000000001],[167.82045,-15.38972]]]}"
20071214231258,4.410000610351562,0.275,2007-12-14T23:12:58,348.967337962963,22.769372000000004,"{swir1=4.595386206896551, swir2=2.303999999999999, swir3=1.4601293103448276, swir4=1.2660517241379312, swir5=0.8634775862068965, swir6=0.9699}","{bkgd_rad={tir1=7.093769441860461, tir2=7.699557209302324, tir3=8.198879534883725, tir4=8.384398848837206, tir5=8.037022093023259}, lake_rad={tir1=7.58, tir2=8.26708, tir3=8.816687777777778, tir4=8.931684444444445, tir5=8.51907222222222}}","{pixel_counts={valid={green=11786, red=11786, nir=11786}, cloud=11410.0, lake=6292.0}, mean_radiance={green=85.59152293577982, red=48.91045871559631, nir=31.799100917431176}}","{""geodesic"":true,""type"":""Polygon"",""coordinates"":[[[167.82045,-15.38972],[167.82389,-15.396589999999993],[167.82706,-15.397670000000007],[167.840195,-15.395349000000005],[167.84174000000002,-15.392370000000001],[167.83908,-15.386000000000001],[167.82938,-15.382940000000001],[167.82157,-15.386740000000001],[167.82045,-15.38972]]]}"
20080131231306,4.8899993896484375,0.256,2008-01-31T23:13:06,31.967430555555556,25.994133000000005,"{swir1=null, swir2=null, swir3=null, swir4=null, swir5=null, swir6=null}","{bkgd_rad={tir1=null, tir2=null, tir3=null, tir4=null, tir5=null}, lake_rad={tir1=null, tir2=null, tir3=null, tir4=null, tir5=null}}","{pixel_counts={valid={green=11786, red=11786, nir=11786}, cloud=11786.0, lake=0.0}, mean_radiance={green=null, red=null, nir=null}}","{""geodesic"":true,""type"":""Polygon"",""coordinates"":[[[167.82045,-15.38972],[167.82389,-15.396589999999993],[167.82706,-15.397670000000007],[167.840195,-15.395349000000005],[167.84174000000002,-15.392370000000001],[167.83908,-15.386000000000001],[167.82938,-15.382940000000001],[167.82157,-15.386740000000001],[167.82045,-15.38972]]]}"
20080216231303,4.330000305175782,0.246,2008-02-16T23:13:03,47.967395833333335,26.727687000000003,"{swir1=4.86976, swir2=1.7399999999999998, swir3=1.2375, swir4=1.05072, swir5=0.6922200000000001, swir6=0.6678000000000001}","{bkgd_rad={tir1=6.768079220338971, tir2=7.367906440677968, tir3=7.833722881355931, tir4=7.947042033898305, tir5=7.5674235875706195}, lake_rad={tir1=6.8683896, tir2=7.497323999999999, tir3=8.009485999999999, tir4=8.104554799999999, tir5=7.662984999999999}}","{pixel_counts={valid={green=11786, red=11786, nir=11786}, cloud=11773.0, lake=5780.0}, mean_radiance={green=96.86114285714288, red=59.06742857142856, nir=33.617999999999995}}","{""geodesic"":true,""type"":""Polygon"",""coordinates"":[[[167.82045,-15.38972],[167.82389,-15.396589999999993],[167.82706,-15.397670000000007],[167.840195,-15.395349000000005],[167.84174000000002,-15.392370000000001],[167.83908,-15.386000000000001],[167.82938,-15.382940000000001],[167.82157,-15.386740000000001],[167.82045,-15.38972]]]}"
20080506231313,4.880000305175781,0.242,2008-05-06T23:13:13,127.96751157407408,39.514943,false,"{bkgd_rad={tir1=null, tir2=null, tir3=null, tir4=null, tir5=null}, lake_rad={tir1=null, tir2=null, tir3=null, tir4=null, tir5=null}}","{pixel_counts={valid={green=11786, red=11786, nir=11786}, cloud=11786.0, lake=0.0}, mean_radiance={green=null, red=null, nir=null}}","{""geodesic"":true,""type"":""Polygon"",""coordinates"":[[[167.82045,-15.38972],[167.82389,-15.396589999999993],[167.82706,-15.397670000000007],[167.840195,-15.395349000000005],[167.84174000000002,-15.392370000000001],[167.83908,-15.386000000000001],[167.82938,-15.382940000000001],[167.82157,-15.386740000000001],[167.82045,-15.38972]]]}"
20080522231320,2.269999694824219,0.258,2008-05-22T23:13:20,143.96759259259258,42.550352,false,"{bkgd_rad={tir1=7.13588822346369, tir2=7.5745856983240225, tir3=7.912270614525141, tir4=8.213058927374306, tir5=8.00502108938548}, lake_rad={tir1=7.793718099999991, tir2=8.317967666666664, tir3=8.726221722222228, tir4=8.954551327777782, tir5=8.63614124999999}}","{pixel_counts={valid={green=11786, red=11786, nir=11786}, cloud=4040.0, lake=6899.0}, mean_radiance={green=32.36889361702101, red=14.368154738877898, nir=9.119498710510351}}","{""geodesic"":true,""type"":""Polygon"",""coordinates"":[[[167.82045,-15.38972],[167.82389,-15.396589999999993],[167.82706,-15.397670000000007],[167.840195,-15.395349000000005],[167.84174000000002,-15.392370000000001],[167.83908,-15.386000000000001],[167.82938,-15.382940000000001],[167.82157,-15.386740000000001],[167.82045,-15.38972]]]}"
20080911231322,3.2,0.247,2008-09-11T23:13:22,255.96761574074074,30.014947,false,"{bkgd_rad={tir1=6.712306571428575, tir2=7.25804380952381, tir3=7.730279206349208, tir4=7.971374746031748, tir5=7.562316666666668}, lake_rad={tir1=6.985728, tir2=7.6139399999999995, tir3=8.09252, tir4=8.363017000000001, tir5=7.900199999999999}}","{pixel_counts={valid={green=11786, red=11786, nir=11786}, cloud=11571.0, lake=112.0}, mean_radiance={green=81.61573333333332, red=49.276799999999994, nir=39.3072}}","{""geodesic"":true,""type"":""Polygon"",""coordinates"":[[[167.82045,-15.38972],[167.82389,-15.396589999999993],[167.82706,-15.397670000000007],[167.840195,-15.395349000000005],[167.84174000000002,-15.392370000000001],[167.83908,-15.386000000000001],[167.82938,-15.382940000000001],[167.82157,-15.386740000000001],[167.82045,-15.38972]]]}"
20081114231314,3.7199996948242187,0.271,2008-11-14T23:13:14,319.96752314814813,19.518612000000005,false,"{bkgd_rad={tir1=null, tir2=null, tir3=null, tir4=null, tir5=null}, lake_rad={tir1=null, tir2=null, tir3=null, tir4=null, tir5=null}}","{pixel_counts={valid={green=11786, red=11786, nir=11786}, cloud=11786.0, lake=0.0}, mean_radiance={green=null, red=null, nir=null}}","{""geodesic"":true,""type"":""Polygon"",""coordinates"":[[[167.82045,-15.38972],[167.82389,-15.396589999999993],[167.82706,-15.397670000000007],[167.840195,-15.395349000000005],[167.84174000000002,-15.392370000000001],[167.83908,-15.386000000000001],[167.82938,-15.382940000000001],[167.82157,-15.386740000000001],[167.82045,-15.38972]]]}"
20090509231356,3.9600006103515626,0.25,2009-05-09T23:13:56,129.96800925925925,40.28498,false,"{bkgd_rad={tir1=6.811582621621624, tir2=7.377464594594597, tir3=7.826693648648647, tir4=8.03528483783784, tir5=7.69070574324324}, lake_rad={tir1=null, tir2=null, tir3=null, tir4=null, tir5=null}}","{pixel_counts={valid={green=11786, red=11786, nir=11786}, cloud=11475.0, lake=38.0}, mean_radiance={green=50.75200000000002, red=32.214, nir=24.898538461538468}}","{""geodesic"":true,""type"":""Polygon"",""coordinates"":[[[167.82045,-15.38972],[167.82389,-15.396589999999993],[167.82706,-15.397670000000007],[167.840195,-15.395349000000005],[167.84174000000002,-15.392370000000001],[167.83908,-15.386000000000001],[167.82938,-15.382940000000001],[167.82157,-15.386740000000001],[167.82045,-15.38972]]]}"
20090610231339,3.669999694824219,0.253,2009-06-10T23:13:39,161.9678125,44.981935,false,"{bkgd_rad={tir1=6.920469488372094, tir2=7.473163023255813, tir3=7.909021705426362, tir4=8.168351705426362, tir5=7.825045058139528}, lake_rad={tir1=7.409464301886788, tir2=7.992596603773584, tir3=8.448131320754719, tir4=8.740581056603773, tir5=8.405053301886792}}","{pixel_counts={valid={green=11786, red=11786, nir=11786}, cloud=7818.0, lake=2652.0}, mean_radiance={green=37.209086053412605, red=21.187127596439353, nir=15.05558456973304}}","{""geodesic"":true,""type"":""Polygon"",""coordinates"":[[[167.82045,-15.38972],[167.82389,-15.396589999999993],[167.82706,-15.397670000000007],[167.840195,-15.395349000000005],[167.84174000000002,-15.392370000000001],[167.83908,-15.386000000000001],[167.82938,-15.382940000000001],[167.82157,-15.386740000000001],[167.82045,-15.38972]]]}"
20090728231317,4.089999389648438,0.245,2009-07-28T23:13:17,209.96755787037037,42.66658,false,"{bkgd_rad={tir1=6.922308666666669, tir2=7.427967111111114, tir3=7.828529481481484, tir4=8.071788422222221, tir5=7.81307796296296}, lake_rad={tir1=7.169921999999992, tir2=7.705846666666665, tir3=8.128764999999998, tir4=8.375035555555561, tir5=8.088735416666664}}","{pixel_counts={valid={green=11786, red=11786, nir=11786}, cloud=7732.0, lake=2794.0}, mean_radiance={green=38.47652728066311, red=20.83021911828922, nir=16.626328240942826}}","{""geodesic"":true,""type"":""Polygon"",""coordinates"":[[[167.82045,-15.38972],[167.82389,-15.396589999999993],[167.82706,-15.397670000000007],[167.840195,-15.395349000000005],[167.84174000000002,-15.392370000000001],[167.83908,-15.386000000000001],[167.82938,-15.382940000000001],[167.82157,-15.386740000000001],[167.82045,-15.38972]]]}"
20090914231308,3.5399993896484374,0.264,2009-09-14T23:13:08,257.9674537037037,29.220951,false,"{bkgd_rad={tir1=null, tir2=null, tir3=null, tir4=null, tir5=null}, lake_rad={tir1=null, tir2=null, tir3=null, tir4=null, tir5=null}}","{pixel_counts={valid={green=11786, red=11786, nir=11786}, cloud=11786.0, lake=0.0}, mean_radiance={green=null, red=null, nir=null}}","{""geodesic"":true,""type"":""Polygon"",""coordinates"":[[[167.82045,-15.38972],[167.82389,-15.396589999999993],[167.82706,-15.397670000000007],[167.840195,-15.395349000000005],[167.84174000000002,-15.392370000000001],[167.83908,-15.386000000000001],[167.82938,-15.382940000000001],[167.82157,-15.386740000000001],[167.82045,-15.38972]]]}"
20091101231307,3.5600006103515627,0.266,2009-11-01T23:13:07,305.9674421296296,18.939966999999996,false,"{bkgd_rad={tir1=7.233025499999999, tir2=7.7605575, tir3=8.242854375, tir4=8.5056978125, tir5=8.161123437499999}, lake_rad={tir1=null, tir2=null, tir3=null, tir4=null, tir5=null}}","{pixel_counts={valid={green=11786, red=11786, nir=11786}, cloud=11634.0, lake=13.0}, mean_radiance={green=null, red=null, nir=null}}","{""geodesic"":true,""type"":""Polygon"",""coordinates"":[[[167.82045,-15.38972],[167.82389,-15.396589999999993],[167.82706,-15.397670000000007],[167.840195,-15.395349000000005],[167.84174000000002,-15.392370000000001],[167.83908,-15.386000000000001],[167.82938,-15.382940000000001],[167.82157,-15.386740000000001],[167.82045,-15.38972]]]}"
20091117231312,4.6100006103515625,0.259,2009-11-17T23:13:12,321.9675,19.650927999999993,false,"{bkgd_rad={tir1=null, tir2=null, tir3=null, tir4=null, tir5=null}, lake_rad={tir1=null, tir2=null, tir3=null, tir4=null, tir5=null}}","{pixel_counts={valid={green=11786, red=11786, nir=11786}, cloud=11786.0, lake=0.0}, mean_radiance={green=null, red=null, nir=null}}","{""geodesic"":true,""type"":""Polygon"",""coordinates"":[[[167.82045,-15.38972],[167.82389,-15.396589999999993],[167.82706,-15.397670000000007],[167.840195,-15.395349000000005],[167.84174000000002,-15.392370000000001],[167.83908,-15.386000000000001],[167.82938,-15.382940000000001],[167.82157,-15.386740000000001],[167.82045,-15.38972]]]}"
20091203231313,2.4600006103515626,0.251,2009-12-03T23:13:13,337.9675115740741,21.108216999999996,false,"{bkgd_rad={tir1=7.50786996963123, tir2=7.968720780911071, tir3=8.321869154013022, tir4=8.497981852494576, tir5=8.209959761388285}, lake_rad={tir1=9.438236999999999, tir2=9.6954, tir3=10.323235000000002, tir4=10.588031166666667, tir5=9.941433333333332}}","{pixel_counts={valid={green=11786, red=11786, nir=11786}, cloud=8789.0, lake=362.0}, mean_radiance={green=144.43052208835354, red=108.00269879518076, nir=61.45817670682723}}","{""geodesic"":true,""type"":""Polygon"",""coordinates"":[[[167.82045,-15.38972],[167.82389,-15.396589999999993],[167.82706,-15.397670000000007],[167.840195,-15.395349000000005],[167.84174000000002,-15.392370000000001],[167.83908,-15.386000000000001],[167.82938,-15.382940000000001],[167.82157,-15.386740000000001],[167.82045,-15.38972]]]}"
20091219231311,5.230000305175781,0.243,2009-12-19T23:13:11,353.9674884259259,23.251344000000003,false,"{bkgd_rad={tir1=null, tir2=null, tir3=null, tir4=null, tir5=null}, lake_rad={tir1=null, tir2=null, tir3=null, tir4=null, tir5=null}}","{pixel_counts={valid={green=11786, red=11786, nir=11786}, cloud=11786.0, lake=0.0}, mean_radiance={green=null, red=null, nir=null}}","{""geodesic"":true,""type"":""Polygon"",""coordinates"":[[[167.82045,-15.38972],[167.82389,-15.396589999999993],[167.82706,-15.397670000000007],[167.840195,-15.395349000000005],[167.84174000000002,-15.392370000000001],[167.83908,-15.386000000000001],[167.82938,-15.382940000000001],[167.82157,-15.386740000000001],[167.82045,-15.38972]]]}"
20100120231257,5.8,0.238,2010-01-20T23:12:57,20.96732638888889,25.675777999999994,false,"{bkgd_rad={tir1=7.163479811563181, tir2=7.8431243254817975, tir3=8.36358490364025, tir4=8.281254792291216, tir5=7.782229122055677}, lake_rad={tir1=7.287246891089114, tir2=7.960324158415834, tir3=8.497576633663362, tir4=8.459262519801987, tir5=7.925005816831686}}","{pixel_counts={valid={green=11786, red=11786, nir=11786}, cloud=0.0, lake=7375.0}, mean_radiance={green=72.43264379660995, red=39.739968000000445, nir=30.25789477966084}}","{""geodesic"":true,""type"":""Polygon"",""coordinates"":[[[167.82045,-15.38972],[167.82389,-15.396589999999993],[167.82706,-15.397670000000007],[167.840195,-15.395349000000005],[167.84174000000002,-15.392370000000001],[167.83908,-15.386000000000001],[167.82938,-15.382940000000001],[167.82157,-15.386740000000001],[167.82045,-15.38972]]]}"
20100129230649,3.8199996948242188,0.251,2010-01-29T23:06:49,29.96306712962963,27.916852,false,"{bkgd_rad={tir1=7.784804264516118, tir2=8.258914838709677, tir3=8.667656935483874, tir4=8.891253941935481, tir5=8.574241854838704}, lake_rad={tir1=8.165532705882349, tir2=8.602025294117647, tir3=9.070650441176472, tir4=9.365766392156868, tir5=8.990944362745095}}","{pixel_counts={valid={green=10038, red=10027, nir=10059}, cloud=0.0, lake=7555.0}, mean_radiance={green=47.94893500992783, red=21.41289572015465, nir=17.672768497684448}}","{""geodesic"":true,""type"":""Polygon"",""coordinates"":[[[167.82045,-15.38972],[167.82389,-15.396589999999993],[167.82706,-15.397670000000007],[167.840195,-15.395349000000005],[167.84174000000002,-15.392370000000001],[167.83908,-15.386000000000001],[167.82938,-15.382940000000001],[167.82157,-15.386740000000001],[167.82045,-15.38972]]]}"
20100205231302,4.539999389648438,0.253,2010-02-05T23:13:02,36.96738425925926,26.05628,false,"{bkgd_rad={tir1=7.674432697674417, tir2=8.197177674418606, tir3=8.706922558139533, tir4=8.896967441860463, tir5=8.519301744186048}, lake_rad={tir1=8.243250000000002, tir2=8.836805454545452, tir3=9.482810303030302, tir4=9.574935939393939, tir5=9.044475}}","{pixel_counts={valid={green=11786, red=11786, nir=11786}, cloud=10043.0, lake=3172.0}, mean_radiance={green=87.62452653927804, red=53.06542675159242, nir=37.97649893842897}}","{""geodesic"":true,""type"":""Polygon"",""coordinates"":[[[167.82045,-15.38972],[167.82389,-15.396589999999993],[167.82706,-15.397670000000007],[167.840195,-15.395349000000005],[167.84174000000002,-15.392370000000001],[167.83908,-15.386000000000001],[167.82938,-15.382940000000001],[167.82157,-15.386740000000001],[167.82045,-15.38972]]]}"
20100629231303,3.9,0.236,2010-06-29T23:13:03,180.96739583333334,45.893815,false,"{bkgd_rad={tir1=null, tir2=null, tir3=null, tir4=null, tir5=null}, lake_rad={tir1=7.122168, tir2=7.6274999999999995, tir3=7.94754, tir4=8.220692, tir5=7.921099999999999}}","{pixel_counts={valid={green=11786, red=11786, nir=11786}, cloud=11769.0, lake=830.0}, mean_radiance={green=50.74506666666668, red=32.284800000000004, nir=24.3084}}","{""geodesic"":true,""type"":""Polygon"",""coordinates"":[[[167.82045,-15.38972],[167.82389,-15.396589999999993],[167.82706,-15.397670000000007],[167.840195,-15.395349000000005],[167.84174000000002,-15.392370000000001],[167.83908,-15.386000000000001],[167.82938,-15.382940000000001],[167.82157,-15.386740000000001],[167.82045,-15.38972]]]}"
20100724230642,3.8899993896484375,0.251,2010-07-24T23:06:42,205.96298611111112,44.566088,false,"{bkgd_rad={tir1=6.853835999999999, tir2=7.299046666666666, tir3=7.702245555555556, tir4=8.060655444444444, tir5=7.845047222222222}, lake_rad={tir1=null, tir2=null, tir3=null, tir4=null, tir5=null}}","{pixel_counts={valid={green=971, red=958, nir=988}, cloud=958.0, lake=0.0}, mean_radiance={green=null, red=null, nir=null}}","{""geodesic"":true,""type"":""Polygon"",""coordinates"":[[[167.82045,-15.38972],[167.82389,-15.396589999999993],[167.82706,-15.397670000000007],[167.840195,-15.395349000000005],[167.84174000000002,-15.392370000000001],[167.83908,-15.386000000000001],[167.82938,-15.382940000000001],[167.82157,-15.386740000000001],[167.82045,-15.38972]]]}"
20100816231243,3.2,0.258,2010-08-16T23:12:43,228.96716435185186,38.16424,false,"{bkgd_rad={tir1=null, tir2=null, tir3=null, tir4=null, tir5=null}, lake_rad={tir1=null, tir2=null, tir3=null, tir4=null, tir5=null}}","{pixel_counts={valid={green=11786, red=11786, nir=11786}, cloud=11786.0, lake=0.0}, mean_radiance={green=null, red=null, nir=null}}","{""geodesic"":true,""type"":""Polygon"",""coordinates"":[[[167.82045,-15.38972],[167.82389,-15.396589999999993],[167.82706,-15.397670000000007],[167.840195,-15.395349000000005],[167.84174000000002,-15.392370000000001],[167.83908,-15.386000000000001],[167.82938,-15.382940000000001],[167.82157,-15.386740000000001],[167.82045,-15.38972]]]}"
20100901231246,2.6800003051757812,0.263,2010-09-01T23:12:46,244.96719907407407,33.538703,false,"{bkgd_rad={tir1=null, tir2=null, tir3=null, tir4=null, tir5=null}, lake_rad={tir1=null, tir2=null, tir3=null, tir4=null, tir5=null}}","{pixel_counts={valid={green=11786, red=11786, nir=11786}, cloud=11786.0, lake=0.0}, mean_radiance={green=null, red=null, nir=null}}","{""geodesic"":true,""type"":""Polygon"",""coordinates"":[[[167.82045,-15.38972],[167.82389,-15.396589999999993],[167.82706,-15.397670000000007],[167.840195,-15.395349000000005],[167.84174000000002,-15.392370000000001],[167.83908,-15.386000000000001],[167.82938,-15.382940000000001],[167.82157,-15.386740000000001],[167.82045,-15.38972]]]}"
20100917231246,3.4600006103515626,0.258,2010-09-17T23:12:46,260.9671990740741,28.43813,false,"{bkgd_rad={tir1=null, tir2=null, tir3=null, tir4=null, tir5=null}, lake_rad={tir1=null, tir2=null, tir3=null, tir4=null, tir5=null}}","{pixel_counts={valid={green=11786, red=11786, nir=11786}, cloud=11780.0, lake=53.0}, mean_radiance={green=null, red=null, nir=null}}","{""geodesic"":true,""type"":""Polygon"",""coordinates"":[[[167.82045,-15.38972],[167.82389,-15.396589999999993],[167.82706,-15.397670000000007],[167.840195,-15.395349000000005],[167.84174000000002,-15.392370000000001],[167.83908,-15.386000000000001],[167.82938,-15.382940000000001],[167.82157,-15.386740000000001],[167.82045,-15.38972]]]}"
20101206231244,4.019999694824219,0.26,2010-12-06T23:12:44,340.9671759259259,21.680549,false,"{bkgd_rad={tir1=7.221349384615386, tir2=7.862713846153846, tir3=8.372848461538464, tir4=8.58898530769231, tir5=8.266351923076924}, lake_rad={tir1=null, tir2=null, tir3=null, tir4=null, tir5=null}}","{pixel_counts={valid={green=11786, red=11786, nir=11786}, cloud=11776.0, lake=178.0}, mean_radiance={green=null, red=null, nir=null}}","{""geodesic"":true,""type"":""Polygon"",""coordinates"":[[[167.82045,-15.38972],[167.82389,-15.396589999999993],[167.82706,-15.397670000000007],[167.840195,-15.395349000000005],[167.84174000000002,-15.392370000000001],[167.83908,-15.386000000000001],[167.82938,-15.382940000000001],[167.82157,-15.386740000000001],[167.82045,-15.38972]]]}"
20101222231240,4.8899993896484375,0.259,2010-12-22T23:12:40,356.96712962962965,23.437161000000003,false,"{bkgd_rad={tir1=5.775400246153841, tir2=6.310093846153845, tir3=6.736602153846152, tir4=6.873947161538466, tir5=6.554400769230764}, lake_rad={tir1=6.0805191724137915, tir2=6.642763448275861, tir3=7.080386896551722, tir4=7.249544724137931, tir5=6.918800862068966}}","{pixel_counts={valid={green=11786, red=11786, nir=11786}, cloud=9963.0, lake=1740.0}, mean_radiance={green=87.73648000000043, red=55.753366153846265, nir=41.79639076923074}}","{""geodesic"":true,""type"":""Polygon"",""coordinates"":[[[167.82045,-15.38972],[167.82389,-15.396589999999993],[167.82706,-15.397670000000007],[167.840195,-15.395349000000005],[167.84174000000002,-15.392370000000001],[167.83908,-15.386000000000001],[167.82938,-15.382940000000001],[167.82157,-15.386740000000001],[167.82045,-15.38972]]]}"
20110107231233,4.830000305175782,0.254,2011-01-07T23:12:33,7.967048611111111,25.025114000000002,false,"{bkgd_rad={tir1=6.557691230769225, tir2=7.1663493706293675, tir3=7.644169580419576, tir4=7.748783438228452, tir5=7.37766346153846}, lake_rad={tir1=6.6516033033707815, tir2=7.281377191011238, tir3=7.747470561797753, tir4=7.872235623595505, tir5=7.4759769662921345}}","{pixel_counts={valid={green=11786, red=11786, nir=11786}, cloud=2545.0, lake=7288.0}, mean_radiance={green=69.27673312530766, red=39.48126129085215, nir=30.986415503366814}}","{""geodesic"":true,""type"":""Polygon"",""coordinates"":[[[167.82045,-15.38972],[167.82389,-15.396589999999993],[167.82706,-15.397670000000007],[167.840195,-15.395349000000005],[167.84174000000002,-15.392370000000001],[167.83908,-15.386000000000001],[167.82938,-15.382940000000001],[167.82157,-15.386740000000001],[167.82045,-15.38972]]]}"
20110312231245,3.6800003051757812,0.254,2011-03-12T23:12:45,71.9671875,28.709062000000003,false,"{bkgd_rad={tir1=null, tir2=null, tir3=null, tir4=null, tir5=null}, lake_rad={tir1=null, tir2=null, tir3=null, tir4=null, tir5=null}}","{pixel_counts={valid={green=11786, red=11786, nir=11786}, cloud=11786.0, lake=152.0}, mean_radiance={green=null, red=null, nir=null}}","{""geodesic"":true,""type"":""Polygon"",""coordinates"":[[[167.82045,-15.38972],[167.82389,-15.396589999999993],[167.82706,-15.397670000000007],[167.840195,-15.395349000000005],[167.84174000000002,-15.392370000000001],[167.83908,-15.386000000000001],[167.82938,-15.382940000000001],[167.82157,-15.386740000000001],[167.82045,-15.38972]]]}"
20110406230627,4.1399993896484375,0.244,2011-04-06T23:06:27,96.9628125,33.725763,false,"{bkgd_rad={tir1=null, tir2=null, tir3=null, tir4=null, tir5=null}, lake_rad={tir1=null, tir2=null, tir3=null, tir4=null, tir5=null}}","{pixel_counts={valid={green=11786, red=11786, nir=11786}, cloud=11786.0, lake=0.0}, mean_radiance={green=null, red=null, nir=null}}","{""geodesic"":true,""type"":""Polygon"",""coordinates"":[[[167.82045,-15.38972],[167.82389,-15.396589999999993],[167.82706,-15.397670000000007],[167.840195,-15.395349000000005],[167.84174000000002,-15.392370000000001],[167.83908,-15.386000000000001],[167.82938,-15.382940000000001],[167.82157,-15.386740000000001],[167.82045,-15.38972]]]}"
20110413231244,4.15,0.237,2011-04-13T23:12:44,103.96717592592593,34.437438,false,"{bkgd_rad={tir1=6.889082999999999, tir2=7.5484, tir3=8.073848333333332, tir4=8.243464000000001, tir5=7.8584}, lake_rad={tir1=null, tir2=null, tir3=null, tir4=null, tir5=null}}","{pixel_counts={valid={green=11786, red=11786, nir=11786}, cloud=11786.0, lake=835.0}, mean_radiance={green=null, red=null, nir=null}}","{""geodesic"":true,""type"":""Polygon"",""coordinates"":[[[167.82045,-15.38972],[167.82389,-15.396589999999993],[167.82706,-15.397670000000007],[167.840195,-15.395349000000005],[167.84174000000002,-15.392370000000001],[167.83908,-15.386000000000001],[167.82938,-15.382940000000001],[167.82157,-15.386740000000001],[167.82045,-15.38972]]]}"
20110422230638,3.7899993896484374,0.245,2011-04-22T23:06:38,112.96293981481482,37.523203,false,"{bkgd_rad={tir1=7.1875017692307726, tir2=7.760101153846147, tir3=8.203694567307691, tir4=8.449178365384613, tir5=8.123066346153845}, lake_rad={tir1=7.663260315789475, tir2=8.313528947368424, tir3=8.84187236842105, tir4=8.993441842105264, tir5=8.568449999999999}}","{pixel_counts={valid={green=11786, red=11786, nir=11786}, cloud=8966.0, lake=4160.0}, mean_radiance={green=76.71391804707947, red=51.486476024411594, nir=28.213778552746238}}","{""geodesic"":true,""type"":""Polygon"",""coordinates"":[[[167.82045,-15.38972],[167.82389,-15.396589999999993],[167.82706,-15.397670000000007],[167.840195,-15.395349000000005],[167.84174000000002,-15.392370000000001],[167.83908,-15.386000000000001],[167.82938,-15.382940000000001],[167.82157,-15.386740000000001],[167.82045,-15.38972]]]}"
20110429231252,4.35,0.249,2011-04-29T23:12:52,119.96726851851852,38.04544,false,"{bkgd_rad={tir1=null, tir2=null, tir3=null, tir4=null, tir5=null}, lake_rad={tir1=null, tir2=null, tir3=null, tir4=null, tir5=null}}","{pixel_counts={valid={green=11786, red=11786, nir=11786}, cloud=11786.0, lake=0.0}, mean_radiance={green=null, red=null, nir=null}}","{""geodesic"":true,""type"":""Polygon"",""coordinates"":[[[167.82045,-15.38972],[167.82389,-15.396589999999993],[167.82706,-15.397670000000007],[167.840195,-15.395349000000005],[167.84174000000002,-15.392370000000001],[167.83908,-15.386000000000001],[167.82938,-15.382940000000001],[167.82157,-15.386740000000001],[167.82045,-15.38972]]]}"
20110515231251,4.030000305175781,0.244,2011-05-15T23:12:51,135.96725694444444,41.177726,false,"{bkgd_rad={tir1=null, tir2=null, tir3=null, tir4=null, tir5=null}, lake_rad={tir1=null, tir2=null, tir3=null, tir4=null, tir5=null}}","{pixel_counts={valid={green=11786, red=11786, nir=11786}, cloud=11786.0, lake=0.0}, mean_radiance={green=null, red=null, nir=null}}","{""geodesic"":true,""type"":""Polygon"",""coordinates"":[[[167.82045,-15.38972],[167.82389,-15.396589999999993],[167.82706,-15.397670000000007],[167.840195,-15.395349000000005],[167.84174000000002,-15.392370000000001],[167.83908,-15.386000000000001],[167.82938,-15.382940000000001],[167.82157,-15.386740000000001],[167.82045,-15.38972]]]}"
20110531231243,4.8,0.245,2011-05-31T23:12:43,151.96716435185186,43.764083,false,"{bkgd_rad={tir1=null, tir2=null, tir3=null, tir4=null, tir5=null}, lake_rad={tir1=null, tir2=null, tir3=null, tir4=null, tir5=null}}","{pixel_counts={valid={green=11786, red=11786, nir=11786}, cloud=11786.0, lake=0.0}, mean_radiance={green=null, red=null, nir=null}}","{""geodesic"":true,""type"":""Polygon"",""coordinates"":[[[167.82045,-15.38972],[167.82389,-15.396589999999993],[167.82706,-15.397670000000007],[167.840195,-15.395349000000005],[167.84174000000002,-15.392370000000001],[167.83908,-15.386000000000001],[167.82938,-15.382940000000001],[167.82157,-15.386740000000001],[167.82045,-15.38972]]]}"
20110616231232,3.8800003051757814,0.259,2011-06-16T23:12:32,167.96703703703704,45.711057,false,"{bkgd_rad={tir1=7.079903578125003, tir2=7.626175781249997, tir3=8.038306953125, tir4=8.2967913984375, tir5=8.0050673828125}, lake_rad={tir1=7.249227749999999, tir2=7.80505125, tir3=8.283218125000001, tir4=8.485772312500002, tir5=8.152632812499998}}","{pixel_counts={valid={green=11801, red=11801, nir=11801}, cloud=11544.0, lake=4588.0}, mean_radiance={green=78.372736, red=32.83420799999999, nir=15.640127999999995}}","{""geodesic"":true,""type"":""Polygon"",""coordinates"":[[[167.82045,-15.38972],[167.82389,-15.396589999999993],[167.82706,-15.397670000000007],[167.840195,-15.395349000000005],[167.84174000000002,-15.392370000000001],[167.83908,-15.386000000000001],[167.82938,-15.382940000000001],[167.82157,-15.386740000000001],[167.82045,-15.38972]]]}"
20110702231242,3.7800003051757813,0.263,2011-07-02T23:12:42,183.96715277777778,45.670154,false,"{bkgd_rad={tir1=null, tir2=null, tir3=null, tir4=null, tir5=null}, lake_rad={tir1=null, tir2=null, tir3=null, tir4=null, tir5=null}}","{pixel_counts={valid={green=11786, red=11786, nir=11786}, cloud=11786.0, lake=84.0}, mean_radiance={green=null, red=null, nir=null}}","{""geodesic"":true,""type"":""Polygon"",""coordinates"":[[[167.82045,-15.38972],[167.82389,-15.396589999999993],[167.82706,-15.397670000000007],[167.840195,-15.395349000000005],[167.84174000000002,-15.392370000000001],[167.83908,-15.386000000000001],[167.82938,-15.382940000000001],[167.82157,-15.386740000000001],[167.82045,-15.38972]]]}"
20110803231247,2.6,0.253,2011-08-03T23:12:47,215.96721064814815,41.493398,false,"{bkgd_rad={tir1=null, tir2=null, tir3=null, tir4=null, tir5=null}, lake_rad={tir1=null, tir2=null, tir3=null, tir4=null, tir5=null}}","{pixel_counts={valid={green=11786, red=11786, nir=11786}, cloud=11786.0, lake=0.0}, mean_radiance={green=null, red=null, nir=null}}","{""geodesic"":true,""type"":""Polygon"",""coordinates"":[[[167.82045,-15.38972],[167.82389,-15.396589999999993],[167.82706,-15.397670000000007],[167.840195,-15.395349000000005],[167.84174000000002,-15.392370000000001],[167.83908,-15.386000000000001],[167.82938,-15.382940000000001],[167.82157,-15.386740000000001],[167.82045,-15.38972]]]}"
20110819231242,4.469999694824219,0.261,2011-08-19T23:12:42,231.96715277777778,37.295472,false,"{bkgd_rad={tir1=null, tir2=null, tir3=null, tir4=null, tir5=null}, lake_rad={tir1=null, tir2=null, tir3=null, tir4=null, tir5=null}}","{pixel_counts={valid={green=11786, red=11786, nir=11786}, cloud=11786.0, lake=18.0}, mean_radiance={green=null, red=null, nir=null}}","{""geodesic"":true,""type"":""Polygon"",""coordinates"":[[[167.82045,-15.38972],[167.82389,-15.396589999999993],[167.82706,-15.397670000000007],[167.840195,-15.395349000000005],[167.84174000000002,-15.392370000000001],[167.83908,-15.386000000000001],[167.82938,-15.382940000000001],[167.82157,-15.386740000000001],[167.82045,-15.38972]]]}"
20110904231233,3.7600006103515624,0.277,2011-09-04T23:12:33,247.96704861111112,32.914953,false,"{bkgd_rad={tir1=null, tir2=null, tir3=null, tir4=null, tir5=null}, lake_rad={tir1=null, tir2=null, tir3=null, tir4=null, tir5=null}}","{pixel_counts={valid={green=11786, red=11786, nir=11786}, cloud=11786.0, lake=2444.0}, mean_radiance={green=null, red=null, nir=null}}","{""geodesic"":true,""type"":""Polygon"",""coordinates"":[[[167.82045,-15.38972],[167.82389,-15.396589999999993],[167.82706,-15.397670000000007],[167.840195,-15.395349000000005],[167.84174000000002,-15.392370000000001],[167.83908,-15.386000000000001],[167.82938,-15.382940000000001],[167.82157,-15.386740000000001],[167.82045,-15.38972]]]}"
20111123231215,4.830000305175782,0.258,2011-11-23T23:12:15,327.9668402777778,20.377582000000004,false,"{bkgd_rad={tir1=null, tir2=null, tir3=null, tir4=null, tir5=null}, lake_rad={tir1=null, tir2=null, tir3=null, tir4=null, tir5=null}}","{pixel_counts={valid={green=11801, red=11801, nir=11801}, cloud=11801.0, lake=0.0}, mean_radiance={green=null, red=null, nir=null}}","{""geodesic"":true,""type"":""Polygon"",""coordinates"":[[[167.82045,-15.38972],[167.82389,-15.396589999999993],[167.82706,-15.397670000000007],[167.840195,-15.395349000000005],[167.84174000000002,-15.392370000000001],[167.83908,-15.386000000000001],[167.82938,-15.382940000000001],[167.82157,-15.386740000000001],[167.82045,-15.38972]]]}"
20111209231245,4.580000305175782,0.257,2011-12-09T23:12:45,343.9671875,21.778852,false,"{bkgd_rad={tir1=5.924906999999999, tir2=6.48168, tir3=6.9195, tir4=7.184566, tir5=6.8421375}, lake_rad={tir1=null, tir2=null, tir3=null, tir4=null, tir5=null}}","{pixel_counts={valid={green=11786, red=11786, nir=11786}, cloud=11786.0, lake=0.0}, mean_radiance={green=null, red=null, nir=null}}","{""geodesic"":true,""type"":""Polygon"",""coordinates"":[[[167.82045,-15.38972],[167.82389,-15.396589999999993],[167.82706,-15.397670000000007],[167.840195,-15.395349000000005],[167.84174000000002,-15.392370000000001],[167.83908,-15.386000000000001],[167.82938,-15.382940000000001],[167.82157,-15.386740000000001],[167.82045,-15.38972]]]}"
20111225231256,4.760000610351563,0.253,2011-12-25T23:12:56,359.9673148148148,23.830887000000004,false,"{bkgd_rad={tir1=7.395845376623378, tir2=8.058954545454545, tir3=8.548513766233762, tir4=8.768698701298703, tir5=8.405192857142856}, lake_rad={tir1=8.235931854545452, tir2=9.059764727272722, tir3=9.684264606060605, tir4=9.738963345454547, tir5=9.188779999999996}}","{pixel_counts={valid={green=11786, red=11786, nir=11786}, cloud=5735.0, lake=8065.0}, mean_radiance={green=130.66529767441872, red=94.36459999999998, nir=50.098404263566295}}","{""geodesic"":true,""type"":""Polygon"",""coordinates"":[[[167.82045,-15.38972],[167.82389,-15.396589999999993],[167.82706,-15.397670000000007],[167.840195,-15.395349000000005],[167.84174000000002,-15.392370000000001],[167.83908,-15.386000000000001],[167.82938,-15.382940000000001],[167.82157,-15.386740000000001],[167.82045,-15.38972]]]}"
20120330231243,5.6100006103515625,0.233,2012-03-30T23:12:43,90.96716435185185,31.533045,false,"{bkgd_rad={tir1=null, tir2=null, tir3=null, tir4=null, tir5=null}, lake_rad={tir1=null, tir2=null, tir3=null, tir4=null, tir5=null}}","{pixel_counts={valid={green=11786, red=11786, nir=11786}, cloud=11786.0, lake=0.0}, mean_radiance={green=null, red=null, nir=null}}","{""geodesic"":true,""type"":""Polygon"",""coordinates"":[[[167.82045,-15.38972],[167.82389,-15.396589999999993],[167.82706,-15.397670000000007],[167.840195,-15.395349000000005],[167.84174000000002,-15.392370000000001],[167.83908,-15.386000000000001],[167.82938,-15.382940000000001],[167.82157,-15.386740000000001],[167.82045,-15.38972]]]}"
20120415231247,4.380000305175781,0.257,2012-04-15T23:12:47,106.96721064814815,35.09786,false,"{bkgd_rad={tir1=7.3118196, tir2=7.902767999999999, tir3=8.335032000000002, tir4=8.565687800000001, tir5=8.250274999999998}, lake_rad={tir1=null, tir2=null, tir3=null, tir4=null, tir5=null}}","{pixel_counts={valid={green=11786, red=11786, nir=11786}, cloud=11786.0, lake=641.0}, mean_radiance={green=null, red=null, nir=null}}","{""geodesic"":true,""type"":""Polygon"",""coordinates"":[[[167.82045,-15.38972],[167.82389,-15.396589999999993],[167.82706,-15.397670000000007],[167.840195,-15.395349000000005],[167.84174000000002,-15.392370000000001],[167.83908,-15.386000000000001],[167.82938,-15.382940000000001],[167.82157,-15.386740000000001],[167.82045,-15.38972]]]}"
20120517231253,4.680000305175781,0.24,2012-05-17T23:12:53,138.9672800925926,41.778178,false,"{bkgd_rad={tir1=null, tir2=null, tir3=null, tir4=null, tir5=null}, lake_rad={tir1=null, tir2=null, tir3=null, tir4=null, tir5=null}}","{pixel_counts={valid={green=11786, red=11786, nir=11786}, cloud=11786.0, lake=0.0}, mean_radiance={green=null, red=null, nir=null}}","{""geodesic"":true,""type"":""Polygon"",""coordinates"":[[[167.82045,-15.38972],[167.82389,-15.396589999999993],[167.82706,-15.397670000000007],[167.840195,-15.395349000000005],[167.84174000000002,-15.392370000000001],[167.83908,-15.386000000000001],[167.82938,-15.382940000000001],[167.82157,-15.386740000000001],[167.82045,-15.38972]]]}"
20120602231238,4.319999694824219,0.249,2012-06-02T23:12:38,154.9671064814815,44.372884,false,"{bkgd_rad={tir1=null, tir2=null, tir3=null, tir4=null, tir5=null}, lake_rad={tir1=null, tir2=null, tir3=null, tir4=null, tir5=null}}","{pixel_counts={valid={green=11786, red=11786, nir=11786}, cloud=11786.0, lake=0.0}, mean_radiance={green=null, red=null, nir=null}}","{""geodesic"":true,""type"":""Polygon"",""coordinates"":[[[167.82045,-15.38972],[167.82389,-15.396589999999993],[167.82706,-15.397670000000007],[167.840195,-15.395349000000005],[167.84174000000002,-15.392370000000001],[167.83908,-15.386000000000001],[167.82938,-15.382940000000001],[167.82157,-15.386740000000001],[167.82045,-15.38972]]]}"
20120618231245,3.6,0.25,2012-06-18T23:12:45,170.9671875,45.710806,false,"{bkgd_rad={tir1=null, tir2=null, tir3=null, tir4=null, tir5=null}, lake_rad={tir1=null, tir2=null, tir3=null, tir4=null, tir5=null}}","{pixel_counts={valid={green=11786, red=11786, nir=11786}, cloud=11786.0, lake=443.0}, mean_radiance={green=null, red=null, nir=null}}","{""geodesic"":true,""type"":""Polygon"",""coordinates"":[[[167.82045,-15.38972],[167.82389,-15.396589999999993],[167.82706,-15.397670000000007],[167.840195,-15.395349000000005],[167.84174000000002,-15.392370000000001],[167.83908,-15.386000000000001],[167.82938,-15.382940000000001],[167.82157,-15.386740000000001],[167.82045,-15.38972]]]}"
20120704231252,3.9399993896484373,0.249,2012-07-04T23:12:52,186.96726851851852,45.669837,false,"{bkgd_rad={tir1=null, tir2=null, tir3=null, tir4=null, tir5=null}, lake_rad={tir1=null, tir2=null, tir3=null, tir4=null, tir5=null}}","{pixel_counts={valid={green=11786, red=11786, nir=11786}, cloud=11786.0, lake=6291.0}, mean_radiance={green=null, red=null, nir=null}}","{""geodesic"":true,""type"":""Polygon"",""coordinates"":[[[167.82045,-15.38972],[167.82389,-15.396589999999993],[167.82706,-15.397670000000007],[167.840195,-15.395349000000005],[167.84174000000002,-15.392370000000001],[167.83908,-15.386000000000001],[167.82938,-15.382940000000001],[167.82157,-15.386740000000001],[167.82045,-15.38972]]]}"
20120720231251,3.3100006103515627,0.236,2012-07-20T23:12:51,202.96725694444444,43.843741,false,"{bkgd_rad={tir1=null, tir2=null, tir3=null, tir4=null, tir5=null}, lake_rad={tir1=null, tir2=null, tir3=null, tir4=null, tir5=null}}","{pixel_counts={valid={green=11786, red=11786, nir=11786}, cloud=11786.0, lake=0.0}, mean_radiance={green=null, red=null, nir=null}}","{""geodesic"":true,""type"":""Polygon"",""coordinates"":[[[167.82045,-15.38972],[167.82389,-15.396589999999993],[167.82706,-15.397670000000007],[167.840195,-15.395349000000005],[167.84174000000002,-15.392370000000001],[167.83908,-15.386000000000001],[167.82938,-15.382940000000001],[167.82157,-15.386740000000001],[167.82045,-15.38972]]]}"
20120805231242,4.3600006103515625,0.247,2012-08-05T23:12:42,218.96715277777778,40.90329,false,"{bkgd_rad={tir1=null, tir2=null, tir3=null, tir4=null, tir5=null}, lake_rad={tir1=null, tir2=null, tir3=null, tir4=null, tir5=null}}","{pixel_counts={valid={green=11786, red=11786, nir=11786}, cloud=11786.0, lake=0.0}, mean_radiance={green=null, red=null, nir=null}}","{""geodesic"":true,""type"":""Polygon"",""coordinates"":[[[167.82045,-15.38972],[167.82389,-15.396589999999993],[167.82706,-15.397670000000007],[167.840195,-15.395349000000005],[167.84174000000002,-15.392370000000001],[167.83908,-15.386000000000001],[167.82938,-15.382940000000001],[167.82157,-15.386740000000001],[167.82045,-15.38972]]]}"
20120821231247,3.35,0.248,2012-08-21T23:12:47,234.96721064814815,36.636623,false,"{bkgd_rad={tir1=null, tir2=null, tir3=null, tir4=null, tir5=null}, lake_rad={tir1=null, tir2=null, tir3=null, tir4=null, tir5=null}}","{pixel_counts={valid={green=11786, red=11786, nir=11786}, cloud=11786.0, lake=0.0}, mean_radiance={green=null, red=null, nir=null}}","{""geodesic"":true,""type"":""Polygon"",""coordinates"":[[[167.82045,-15.38972],[167.82389,-15.396589999999993],[167.82706,-15.397670000000007],[167.840195,-15.395349000000005],[167.84174000000002,-15.392370000000001],[167.83908,-15.386000000000001],[167.82938,-15.382940000000001],[167.82157,-15.386740000000001],[167.82045,-15.38972]]]}"
20120906231250,4.15,0.26,2012-09-06T23:12:50,250.96724537037036,31.643248999999997,false,"{bkgd_rad={tir1=null, tir2=null, tir3=null, tir4=null, tir5=null}, lake_rad={tir1=null, tir2=null, tir3=null, tir4=null, tir5=null}}","{pixel_counts={valid={green=11786, red=11786, nir=11786}, cloud=11786.0, lake=0.0}, mean_radiance={green=null, red=null, nir=null}}","{""geodesic"":true,""type"":""Polygon"",""coordinates"":[[[167.82045,-15.38972],[167.82389,-15.396589999999993],[167.82706,-15.397670000000007],[167.840195,-15.395349000000005],[167.84174000000002,-15.392370000000001],[167.83908,-15.386000000000001],[167.82938,-15.382940000000001],[167.82157,-15.386740000000001],[167.82045,-15.38972]]]}"
20121125231247,4.769999694824219,0.249,2012-11-25T23:12:47,330.9672106481481,20.444655999999995,false,"{bkgd_rad={tir1=null, tir2=null, tir3=null, tir4=null, tir5=null}, lake_rad={tir1=null, tir2=null, tir3=null, tir4=null, tir5=null}}","{pixel_counts={valid={green=11786, red=11786, nir=11786}, cloud=11786.0, lake=0.0}, mean_radiance={green=null, red=null, nir=null}}","{""geodesic"":true,""type"":""Polygon"",""coordinates"":[[[167.82045,-15.38972],[167.82389,-15.396589999999993],[167.82706,-15.397670000000007],[167.840195,-15.395349000000005],[167.84174000000002,-15.392370000000001],[167.83908,-15.386000000000001],[167.82938,-15.382940000000001],[167.82157,-15.386740000000001],[167.82045,-15.38972]]]}"
20121211231250,3.5899993896484377,0.271,2012-12-11T23:12:50,346.9672453703704,22.212785999999994,false,"{bkgd_rad={tir1=8.033653756097555, tir2=8.600744195121955, tir3=9.109148048780495, tir4=9.29412797804879, tir5=8.950565182926832}, lake_rad={tir1=9.486501959514168, tir2=9.95751425101214, tir3=10.823714817813766, tir4=10.994404574898786, tir5=10.417655769230766}}","{pixel_counts={valid={green=11786, red=11786, nir=11786}, cloud=0.0, lake=9123.0}, mean_radiance={green=133.31419489203117, red=91.0090036172313, nir=43.78578274690292}}","{""geodesic"":true,""type"":""Polygon"",""coordinates"":[[[167.82045,-15.38972],[167.82389,-15.396589999999993],[167.82706,-15.397670000000007],[167.840195,-15.395349000000005],[167.84174000000002,-15.392370000000001],[167.83908,-15.386000000000001],[167.82938,-15.382940000000001],[167.82157,-15.386740000000001],[167.82045,-15.38972]]]}"
20130112231303,5.269999694824219,0.25,2013-01-12T23:13:03,12.967395833333333,25.274608,false,"{bkgd_rad={tir1=null, tir2=null, tir3=null, tir4=null, tir5=null}, lake_rad={tir1=null, tir2=null, tir3=null, tir4=null, tir5=null}}","{pixel_counts={valid={green=11786, red=11786, nir=11786}, cloud=11786.0, lake=1526.0}, mean_radiance={green=null, red=null, nir=null}}","{""geodesic"":true,""type"":""Polygon"",""coordinates"":[[[167.82045,-15.38972],[167.82389,-15.396589999999993],[167.82706,-15.397670000000007],[167.840195,-15.395349000000005],[167.84174000000002,-15.392370000000001],[167.83908,-15.386000000000001],[167.82938,-15.382940000000001],[167.82157,-15.386740000000001],[167.82045,-15.38972]]]}"
20130504231314,4.530000305175781,0.255,2013-05-04T23:13:14,124.96752314814815,39.080022,false,"{bkgd_rad={tir1=6.682516338461542, tir2=7.167242307692309, tir3=7.5490477692307705, tir4=7.776200076923075, tir5=7.52010134615385}, lake_rad={tir1=7.874861999999999, tir2=8.51229, tir3=9.073697777777776, tir4=9.124613888888888, tir5=8.618637499999998}}","{pixel_counts={valid={green=11786, red=11786, nir=11786}, cloud=11378.0, lake=7628.0}, mean_radiance={green=116.04452063492074, red=71.84064761904752, nir=32.61643809523812}}","{""geodesic"":true,""type"":""Polygon"",""coordinates"":[[[167.82045,-15.38972],[167.82389,-15.396589999999993],[167.82706,-15.397670000000007],[167.840195,-15.395349000000005],[167.84174000000002,-15.392370000000001],[167.83908,-15.386000000000001],[167.82938,-15.382940000000001],[167.82157,-15.386740000000001],[167.82045,-15.38972]]]}"
20130605231314,4.65,0.242,2013-06-05T23:13:14,156.96752314814816,44.56976,false,"{bkgd_rad={tir1=null, tir2=null, tir3=null, tir4=null, tir5=null}, lake_rad={tir1=null, tir2=null, tir3=null, tir4=null, tir5=null}}","{pixel_counts={valid={green=11786, red=11786, nir=11786}, cloud=11786.0, lake=0.0}, mean_radiance={green=null, red=null, nir=null}}","{""geodesic"":true,""type"":""Polygon"",""coordinates"":[[[167.82045,-15.38972],[167.82389,-15.396589999999993],[167.82706,-15.397670000000007],[167.840195,-15.395349000000005],[167.84174000000002,-15.392370000000001],[167.83908,-15.386000000000001],[167.82938,-15.382940000000001],[167.82157,-15.386740000000001],[167.82045,-15.38972]]]}"
20130621231315,4.419999694824218,0.226,2013-06-21T23:13:15,172.9675347222222,45.710341,false,"{bkgd_rad={tir1=6.837099041958043, tir2=7.431923076923078, tir3=7.895949055944056, tir4=8.104503045454544, tir5=7.802751923076919}, lake_rad={tir1=7.599980880000003, tir2=8.318246400000001, tir3=8.931822399999998, tir4=9.002454760000001, tir5=8.575060999999998}}","{pixel_counts={valid={green=11786, red=11786, nir=11786}, cloud=11133.0, lake=9250.0}, mean_radiance={green=126.34884925689998, red=67.77709554140128, nir=24.88636093418262}}","{""geodesic"":true,""type"":""Polygon"",""coordinates"":[[[167.82045,-15.38972],[167.82389,-15.396589999999993],[167.82706,-15.397670000000007],[167.840195,-15.395349000000005],[167.84174000000002,-15.392370000000001],[167.83908,-15.386000000000001],[167.82938,-15.382940000000001],[167.82157,-15.386740000000001],[167.82045,-15.38972]]]}"
20130707231307,3.0300003051757813,0.264,2013-07-07T23:13:07,188.96744212962963,45.3837,false,"{bkgd_rad={tir1=null, tir2=null, tir3=null, tir4=null, tir5=null}, lake_rad={tir1=null, tir2=null, tir3=null, tir4=null, tir5=null}}","{pixel_counts={valid={green=11786, red=11786, nir=11786}, cloud=11786.0, lake=191.0}, mean_radiance={green=null, red=null, nir=null}}","{""geodesic"":true,""type"":""Polygon"",""coordinates"":[[[167.82045,-15.38972],[167.82389,-15.396589999999993],[167.82706,-15.397670000000007],[167.840195,-15.395349000000005],[167.84174000000002,-15.392370000000001],[167.83908,-15.386000000000001],[167.82938,-15.382940000000001],[167.82157,-15.386740000000001],[167.82045,-15.38972]]]}"
20130824231316,3.7199996948242187,0.244,2013-08-24T23:13:16,236.9675462962963,35.864352,false,"{bkgd_rad={tir1=null, tir2=null, tir3=null, tir4=null, tir5=null}, lake_rad={tir1=null, tir2=null, tir3=null, tir4=null, tir5=null}}","{pixel_counts={valid={green=11786, red=11786, nir=11786}, cloud=11786.0, lake=0.0}, mean_radiance={green=null, red=null, nir=null}}","{""geodesic"":true,""type"":""Polygon"",""coordinates"":[[[167.82045,-15.38972],[167.82389,-15.396589999999993],[167.82706,-15.397670000000007],[167.840195,-15.395349000000005],[167.84174000000002,-15.392370000000001],[167.83908,-15.386000000000001],[167.82938,-15.382940000000001],[167.82157,-15.386740000000001],[167.82045,-15.38972]]]}"
20131020230632,4.45,0.251,2013-10-20T23:06:32,293.96287037037035,21.399862999999996,false,"{bkgd_rad={tir1=null, tir2=null, tir3=null, tir4=null, tir5=null}, lake_rad={tir1=null, tir2=null, tir3=null, tir4=null, tir5=null}}","{pixel_counts={valid={green=11786, red=11786, nir=11786}, cloud=11786.0, lake=0.0}, mean_radiance={green=null, red=null, nir=null}}","{""geodesic"":true,""type"":""Polygon"",""coordinates"":[[[167.82045,-15.38972],[167.82389,-15.396589999999993],[167.82706,-15.397670000000007],[167.840195,-15.395349000000005],[167.84174000000002,-15.392370000000001],[167.83908,-15.386000000000001],[167.82938,-15.382940000000001],[167.82157,-15.386740000000001],[167.82045,-15.38972]]]}"
20131027231246,3.3699996948242186,0.268,2013-10-27T23:12:46,300.9671990740741,19.273304999999993,false,"{bkgd_rad={tir1=7.790723999999999, tir2=8.2097325, tir3=8.694681249999999, tir4=8.9180845, tir5=8.6108}, lake_rad={tir1=8.0346105, tir2=8.537714999999999, tir3=9.020062500000002, tir4=9.2368925, tir5=8.8328625}}","{pixel_counts={valid={green=11786, red=11786, nir=11786}, cloud=11723.0, lake=2049.0}, mean_radiance={green=159.0669387755102, red=100.01583673469389, nir=52.35330612244898}}","{""geodesic"":true,""type"":""Polygon"",""coordinates"":[[[167.82045,-15.38972],[167.82389,-15.396589999999993],[167.82706,-15.397670000000007],[167.840195,-15.395349000000005],[167.84174000000002,-15.392370000000001],[167.83908,-15.386000000000001],[167.82938,-15.382940000000001],[167.82157,-15.386740000000001],[167.82045,-15.38972]]]}"
20131112231255,4.2,0.259,2013-11-12T23:12:55,316.96730324074076,19.486620000000002,false,"{bkgd_rad={tir1=null, tir2=null, tir3=null, tir4=null, tir5=null}, lake_rad={tir1=null, tir2=null, tir3=null, tir4=null, tir5=null}}","{pixel_counts={valid={green=11786, red=11786, nir=11786}, cloud=11786.0, lake=0.0}, mean_radiance={green=null, red=null, nir=null}}","{""geodesic"":true,""type"":""Polygon"",""coordinates"":[[[167.82045,-15.38972],[167.82389,-15.396589999999993],[167.82706,-15.397670000000007],[167.840195,-15.395349000000005],[167.84174000000002,-15.392370000000001],[167.83908,-15.386000000000001],[167.82938,-15.382940000000001],[167.82157,-15.386740000000001],[167.82045,-15.38972]]]}"
20131128231301,4.75,0.244,2013-11-28T23:13:01,332.9673726851852,20.521730000000005,false,"{bkgd_rad={tir1=null, tir2=null, tir3=null, tir4=null, tir5=null}, lake_rad={tir1=null, tir2=null, tir3=null, tir4=null, tir5=null}}","{pixel_counts={valid={green=11786, red=11786, nir=11786}, cloud=11786.0, lake=0.0}, mean_radiance={green=null, red=null, nir=null}}","{""geodesic"":true,""type"":""Polygon"",""coordinates"":[[[167.82045,-15.38972],[167.82389,-15.396589999999993],[167.82706,-15.397670000000007],[167.840195,-15.395349000000005],[167.84174000000002,-15.392370000000001],[167.83908,-15.386000000000001],[167.82938,-15.382940000000001],[167.82157,-15.386740000000001],[167.82045,-15.38972]]]}"
20131214231305,3.5,0.268,2013-12-14T23:13:05,348.9674189814815,22.458048000000005,false,"{bkgd_rad={tir1=8.06640151079136, tir2=8.585723741007197, tir3=9.001465899280578, tir4=9.091434302158275, tir5=8.751987769784174}, lake_rad={tir1=8.287863714285713, tir2=8.833371428571423, tir3=9.267318253968257, tir4=9.384955682539683, tir5=8.99877698412698}}","{pixel_counts={valid={green=11786, red=11786, nir=11786}, cloud=6050.0, lake=7428.0}, mean_radiance={green=168.6252855543256, red=134.86012541993233, nir=61.63232430011177}}","{""geodesic"":true,""type"":""Polygon"",""coordinates"":[[[167.82045,-15.38972],[167.82389,-15.396589999999993],[167.82706,-15.397670000000007],[167.840195,-15.395349000000005],[167.84174000000002,-15.392370000000001],[167.83908,-15.386000000000001],[167.82938,-15.382940000000001],[167.82157,-15.386740000000001],[167.82045,-15.38972]]]}"
20131230231314,3.25,0.26,2013-12-30T23:13:14,364.96752314814813,24.127391000000003,false,"{bkgd_rad={tir1=8.128252977777782, tir2=8.677713629629627, tir3=9.073144543209878, tir4=9.20373956049382, tir5=8.903877345679003}, lake_rad={tir1=8.698964827586211, tir2=9.27607908045977, tir3=9.746887739463602, tir4=9.88176107662836, tir5=9.496567624521068}}","{pixel_counts={valid={green=11786, red=11786, nir=11786}, cloud=0.0, lake=9264.0}, mean_radiance={green=166.02440328150658, red=131.27079663212447, nir=50.70177180483562}}","{""geodesic"":true,""type"":""Polygon"",""coordinates"":[[[167.82045,-15.38972],[167.82389,-15.396589999999993],[167.82706,-15.397670000000007],[167.840195,-15.395349000000005],[167.84174000000002,-15.392370000000001],[167.83908,-15.386000000000001],[167.82938,-15.382940000000001],[167.82157,-15.386740000000001],[167.82045,-15.38972]]]}"
20140608231341,3.269999694824219,0.253,2014-06-08T23:13:41,159.96783564814814,44.981375,false,"{bkgd_rad={tir1=null, tir2=null, tir3=null, tir4=null, tir5=null}, lake_rad={tir1=null, tir2=null, tir3=null, tir4=null, tir5=null}}","{pixel_counts={valid={green=11786, red=11786, nir=11786}, cloud=11786.0, lake=139.0}, mean_radiance={green=null, red=null, nir=null}}","{""geodesic"":true,""type"":""Polygon"",""coordinates"":[[[167.82045,-15.38972],[167.82389,-15.396589999999993],[167.82706,-15.397670000000007],[167.840195,-15.395349000000005],[167.84174000000002,-15.392370000000001],[167.83908,-15.386000000000001],[167.82938,-15.382940000000001],[167.82157,-15.386740000000001],[167.82045,-15.38972]]]}"
20141201231313,4.3700000762939455,0.267,2014-12-01T23:13:13,335.9675115740741,21.011807000000005,false,"{bkgd_rad={tir1=7.033482, tir2=7.546139999999999, tir3=8.00685, tir4=8.232078, tir5=7.957674999999999}, lake_rad={tir1=8.0267652, tir2=8.721113999999998, tir3=9.299808000000002, tir4=9.399142999999999, tir5=8.8694375}}","{pixel_counts={valid={green=11786, red=11786, nir=11786}, cloud=11530.0, lake=1614.0}, mean_radiance={green=149.88078087649407, red=108.59760956175298, nir=53.069665338645436}}","{""geodesic"":true,""type"":""Polygon"",""coordinates"":[[[167.82045,-15.38972],[167.82389,-15.396589999999993],[167.82706,-15.397670000000007],[167.840195,-15.395349000000005],[167.84174000000002,-15.392370000000001],[167.83908,-15.386000000000001],[167.82938,-15.382940000000001],[167.82157,-15.386740000000001],[167.82045,-15.38972]]]}"
20150102231313,4.95,0.258,2015-01-02T23:13:13,2.967511574074074,24.519958000000003,false,"{bkgd_rad={tir1=null, tir2=null, tir3=null, tir4=null, tir5=null}, lake_rad={tir1=null, tir2=null, tir3=null, tir4=null, tir5=null}}","{pixel_counts={valid={green=11786, red=11786, nir=11786}, cloud=11786.0, lake=0.0}, mean_radiance={green=null, red=null, nir=null}}","{""geodesic"":true,""type"":""Polygon"",""coordinates"":[[[167.82045,-15.38972],[167.82389,-15.396589999999993],[167.82706,-15.397670000000007],[167.840195,-15.395349000000005],[167.84174000000002,-15.392370000000001],[167.83908,-15.386000000000001],[167.82938,-15.382940000000001],[167.82157,-15.386740000000001],[167.82045,-15.38972]]]}"
20150118231323,5.30999984741211,0.249,2015-01-18T23:13:23,18.967627314814816,25.523409,false,"{bkgd_rad={tir1=null, tir2=null, tir3=null, tir4=null, tir5=null}, lake_rad={tir1=null, tir2=null, tir3=null, tir4=null, tir5=null}}","{pixel_counts={valid={green=11786, red=11786, nir=11786}, cloud=11786.0, lake=6469.0}, mean_radiance={green=null, red=null, nir=null}}","{""geodesic"":true,""type"":""Polygon"",""coordinates"":[[[167.82045,-15.38972],[167.82389,-15.396589999999993],[167.82706,-15.397670000000007],[167.840195,-15.395349000000005],[167.84174000000002,-15.392370000000001],[167.83908,-15.386000000000001],[167.82938,-15.382940000000001],[167.82157,-15.386740000000001],[167.82045,-15.38972]]]}"
20150323231324,3.4099998474121094,0.259,2015-03-23T23:13:24,82.96763888888889,30.183765,false,"{bkgd_rad={tir1=7.53279307826087, tir2=8.056054956521738, tir3=8.451818260869558, tir4=8.700191113043479, tir5=8.418769891304349}, lake_rad={tir1=8.335729989473688, tir2=8.930651684210522, tir3=9.414716789473683, tir4=9.591176878947373, tir5=9.191022499999992}}","{pixel_counts={valid={green=11786, red=11786, nir=11786}, cloud=3584.0, lake=8457.0}, mean_radiance={green=157.40351951770973, red=90.66983044461111, nir=34.59991348907356}}","{""geodesic"":true,""type"":""Polygon"",""coordinates"":[[[167.82045,-15.38972],[167.82389,-15.396589999999993],[167.82706,-15.397670000000007],[167.840195,-15.395349000000005],[167.84174000000002,-15.392370000000001],[167.83908,-15.386000000000001],[167.82938,-15.382940000000001],[167.82157,-15.386740000000001],[167.82045,-15.38972]]]}"
20150722230805,3.5599998474121093,0.234,2015-07-22T23:08:05,203.96394675925927,44.150523,false,"{bkgd_rad={tir1=6.596874, tir2=7.073961428571429, tir3=7.459409285714287, tir4=7.882365142857144, tir5=7.678883928571428}, lake_rad={tir1=null, tir2=null, tir3=null, tir4=null, tir5=null}}","{pixel_counts={valid={green=11801, red=11801, nir=11801}, cloud=11801.0, lake=1482.0}, mean_radiance={green=null, red=null, nir=null}}","{""geodesic"":true,""type"":""Polygon"",""coordinates"":[[[167.82045,-15.38972],[167.82389,-15.396589999999993],[167.82706,-15.397670000000007],[167.840195,-15.395349000000005],[167.84174000000002,-15.392370000000001],[167.83908,-15.386000000000001],[167.82938,-15.382940000000001],[167.82157,-15.386740000000001],[167.82045,-15.38972]]]}"
20150814231408,5.3599998474121096,0.241,2015-08-14T23:14:08,226.96814814814815,38.737468,false,"{bkgd_rad={tir1=null, tir2=null, tir3=null, tir4=null, tir5=null}, lake_rad={tir1=null, tir2=null, tir3=null, tir4=null, tir5=null}}","{pixel_counts={valid={green=11786, red=11786, nir=11786}, cloud=11786.0, lake=0.0}, mean_radiance={green=null, red=null, nir=null}}","{""geodesic"":true,""type"":""Polygon"",""coordinates"":[[[167.82045,-15.38972],[167.82389,-15.396589999999993],[167.82706,-15.397670000000007],[167.840195,-15.395349000000005],[167.84174000000002,-15.392370000000001],[167.83908,-15.386000000000001],[167.82938,-15.382940000000001],[167.82157,-15.386740000000001],[167.82045,-15.38972]]]}"
20150830231356,3.0700000762939452,0.242,2015-08-30T23:13:56,242.96800925925925,34.148779,false,"{bkgd_rad={tir1=null, tir2=null, tir3=null, tir4=null, tir5=null}, lake_rad={tir1=null, tir2=null, tir3=null, tir4=null, tir5=null}}","{pixel_counts={valid={green=11786, red=11786, nir=11786}, cloud=11786.0, lake=132.0}, mean_radiance={green=null, red=null, nir=null}}","{""geodesic"":true,""type"":""Polygon"",""coordinates"":[[[167.82045,-15.38972],[167.82389,-15.396589999999993],[167.82706,-15.397670000000007],[167.840195,-15.395349000000005],[167.84174000000002,-15.392370000000001],[167.83908,-15.386000000000001],[167.82938,-15.382940000000001],[167.82157,-15.386740000000001],[167.82045,-15.38972]]]}"
20150915231336,2.2299999237060546,0.266,2015-09-15T23:13:36,258.96777777777777,28.991256,false,"{bkgd_rad={tir1=null, tir2=null, tir3=null, tir4=null, tir5=null}, lake_rad={tir1=null, tir2=null, tir3=null, tir4=null, tir5=null}}","{pixel_counts={valid={green=11786, red=11786, nir=11786}, cloud=11786.0, lake=90.0}, mean_radiance={green=null, red=null, nir=null}}","{""geodesic"":true,""type"":""Polygon"",""coordinates"":[[[167.82045,-15.38972],[167.82389,-15.396589999999993],[167.82706,-15.397670000000007],[167.840195,-15.395349000000005],[167.84174000000002,-15.392370000000001],[167.83908,-15.386000000000001],[167.82938,-15.382940000000001],[167.82157,-15.386740000000001],[167.82045,-15.38972]]]}"
20151017231328,3.779999923706055,0.263,2015-10-17T23:13:28,290.9676851851852,20.533360000000002,false,"{bkgd_rad={tir1=7.891184740046836, tir2=8.500214613583134, tir3=8.909988665105384, tir4=9.124052440281034, tir5=8.801555327868847}, lake_rad={tir1=7.759945054687499, tir2=8.349755390625004, tir3=8.745702265625, tir4=9.057007042968754, tir5=8.745445800781251}}","{pixel_counts={valid={green=11786, red=11786, nir=11786}, cloud=0.0, lake=9424.0}, mean_radiance={green=166.46191553479198, red=111.47822113752184, nir=50.482429966044435}}","{""geodesic"":true,""type"":""Polygon"",""coordinates"":[[[167.82045,-15.38972],[167.82389,-15.396589999999993],[167.82706,-15.397670000000007],[167.840195,-15.395349000000005],[167.84174000000002,-15.392370000000001],[167.83908,-15.386000000000001],[167.82938,-15.382940000000001],[167.82157,-15.386740000000001],[167.82045,-15.38972]]]}"
