system:index,H2O,LEDAPS,O3,date,doy,solar_z,swir,tir,vnir,.geo
LE70810711999255EDC00,3.8699996948242186,"{cloud_count=0.0, shadow_count=0.0, water_count=2125.0, snow_count=0.0, lake_SR={blue=0.1695887999999999, green=0.1323628235294117, red=0.04212447058823525, nir=0.012747388235294265, swir1=0.002663905882352959, swir2=0.0017715294117646868}}",0.266,1999-09-12T22:42:20,255.94607136574075,35.86871337890625,"{swir1=0.5343298211021071, swir2=0.0958823129827538}","{bkgd_rad={tir1=8.353968429773655, tir2=8.352122677465713}, lake_rad={tir1=8.803130925143206, tir2=8.799379581875272}}","{pixel_counts={valid={blue=2952, green=2952, red=2952, nir=2952}, cloud=0.0, lake=2193.0}, mean_radiance={blue=102.0985051149437, green=68.01874085620719, red=23.081844332443218, nir=6.375780593734651}}","{""geodesic"":true,""type"":""Polygon"",""coordinates"":[[[167.82045,-15.38972],[167.82389,-15.396589999999993],[167.82706,-15.397670000000007],[167.840195,-15.395349000000005],[167.84174000000002,-15.392370000000001],[167.83908,-15.386000000000001],[167.82938,-15.382940000000001],[167.82157,-15.386740000000001],[167.82045,-15.38972]]]}"
LE70810712000098EDC00,3.3199996948242188,"{cloud_count=2882.0, shadow_count=70.0, water_count=0.0, snow_count=0.0, lake_SR={blue=null, green=null, red=null, nir=null, swir1=null, swir2=null}}",0.256,2000-04-07T22:41:54,98.94576414351852,38.946937561035156,"{swir1=5.306017172737763, swir2=1.359369825446405}","{bkgd_rad={tir1=7.715498061075698, tir2=7.720588526558477}, lake_rad={tir1=8.305194203097086, tir2=8.311579963335625}}","{pixel_counts={valid={blue=2952, green=2952, red=2952, nir=2952}, cloud=0.0, lake=832.0}, mean_radiance={blue=135.63460762225665, green=99.92932389332698, red=58.42136106124291, nir=30.838341312339672}}","{""geodesic"":true,""type"":""Polygon"",""coordinates"":[[[167.82045,-15.38972],[167.82389,-15.396589999999993],[167.82706,-15.397670000000007],[167.840195,-15.395349000000005],[167.84174000000002,-15.392370000000001],[167.83908,-15.386000000000001],[167.82938,-15.382940000000001],[167.82157,-15.386740000000001],[167.82045,-15.38972]]]}"
LE70810712001068EDC00,4.319999694824219,"{cloud_count=null, shadow_count=null, water_count=null, snow_count=null, lake_SR=null}",0.251,2001-03-09T22:39:49,68.94431868055555,35.67999267578125,"{swir1=2.6639948989377054, swir2=0.6902590603667849}","{bkgd_rad={tir1=7.845672739182797, tir2=7.849109126361269}, lake_rad={tir1=8.588969757001571, tir2=8.591726361311297}}","{pixel_counts={valid={blue=2952, green=2952, red=2952, nir=2952}, cloud=0.0, lake=2138.0}, mean_radiance={blue=114.35065608475117, green=80.49939049951823, red=38.27470298924103, nir=17.308402346494155}}","{""geodesic"":true,""type"":""Polygon"",""coordinates"":[[[167.82045,-15.38972],[167.82389,-15.396589999999993],[167.82706,-15.397670000000007],[167.840195,-15.395349000000005],[167.84174000000002,-15.392370000000001],[167.83908,-15.386000000000001],[167.82938,-15.382940000000001],[167.82157,-15.386740000000001],[167.82045,-15.38972]]]}"
LE70810712001116EDC01,3.8100006103515627,"{cloud_count=1488.0, shadow_count=34.0, water_count=1278.0, snow_count=0.0, lake_SR={blue=0.2550788732394367, green=0.19283090766823152, red=0.07425297339593134, nir=0.01946830985915491, swir1=0.010307668231611859, swir2=0.008922926447574293}}",0.2533416666666667,2001-04-26T22:39:33,116.94414108796296,42.80478286743164,"{swir1=2.431491805537183, swir2=0.6977021112640115}","{bkgd_rad={tir1=8.213848889221143, tir2=8.211470132280494}, lake_rad={tir1=9.113973959319052, tir2=9.113450737249467}}","{pixel_counts={valid={blue=2952, green=2952, red=2952, nir=2952}, cloud=0.0, lake=1984.0}, mean_radiance={blue=126.18975564164501, green=86.57744650013986, red=39.14961979129622, nir=14.968826033174992}}","{""geodesic"":true,""type"":""Polygon"",""coordinates"":[[[167.82045,-15.38972],[167.82389,-15.396589999999993],[167.82706,-15.397670000000007],[167.840195,-15.395349000000005],[167.84174000000002,-15.392370000000001],[167.83908,-15.386000000000001],[167.82938,-15.382940000000001],[167.82157,-15.386740000000001],[167.82045,-15.38972]]]}"
LE70810712002087EDC00,5.1,"{cloud_count=null, shadow_count=null, water_count=null, snow_count=null, lake_SR=null}",0.247,2002-03-28T22:38:17,87.94326061342592,38.10096740722656,"{swir1=6.370349407034076, swir2=1.8426751184236745}","{bkgd_rad={tir1=7.097454515209696, tir2=7.099470182674364}, lake_rad={tir1=7.552394458133241, tir2=7.5536097764321}}","{pixel_counts={valid={blue=2952, green=2952, red=2952, nir=2952}, cloud=0.0, lake=1472.0}, mean_radiance={blue=164.64459163209668, green=125.18045009478278, red=72.02591179246488, nir=38.772945475319155}}","{""geodesic"":true,""type"":""Polygon"",""coordinates"":[[[167.82045,-15.38972],[167.82389,-15.396589999999993],[167.82706,-15.397670000000007],[167.840195,-15.395349000000005],[167.84174000000002,-15.392370000000001],[167.83908,-15.386000000000001],[167.82938,-15.382940000000001],[167.82157,-15.386740000000001],[167.82045,-15.38972]]]}"
LE70810712002103EDC00,4.35,"{cloud_count=null, shadow_count=null, water_count=null, snow_count=null, lake_SR=null}",0.245,2002-04-13T22:38:17,103.94325784722223,40.6168098449707,"{swir1=null, swir2=null}","{bkgd_rad={tir1=3.4147356624235004, tir2=3.4172276469267255}, lake_rad={tir1=null, tir2=null}}","{pixel_counts={valid={blue=2952, green=2952, red=2952, nir=2952}, cloud=0.0, lake=0.0}, mean_radiance={blue=null, green=null, red=null, nir=null}}","{""geodesic"":true,""type"":""Polygon"",""coordinates"":[[[167.82045,-15.38972],[167.82389,-15.396589999999993],[167.82706,-15.397670000000007],[167.840195,-15.395349000000005],[167.84174000000002,-15.392370000000001],[167.83908,-15.386000000000001],[167.82938,-15.382940000000001],[167.82157,-15.386740000000001],[167.82045,-15.38972]]]}"
LE70810712002151EDC00,4.460000610351562,"{cloud_count=null, shadow_count=null, water_count=null, snow_count=null, lake_SR=null}",0.234,2002-05-31T22:38:06,151.94312747685186,48.91495895385742,"{swir1=0.6804334882582012, swir2=0.1530669437218255}","{bkgd_rad={tir1=8.158613269132974, tir2=8.15972623796022}, lake_rad={tir1=8.559172981303671, tir2=8.560148908573648}}","{pixel_counts={valid={blue=2952, green=2952, red=2952, nir=2952}, cloud=0.0, lake=2300.0}, mean_radiance={blue=174.31806772646698, green=143.36291344435318, red=77.50288201539412, nir=16.894521482716435}}","{""geodesic"":true,""type"":""Polygon"",""coordinates"":[[[167.82045,-15.38972],[167.82389,-15.396589999999993],[167.82706,-15.397670000000007],[167.840195,-15.395349000000005],[167.84174000000002,-15.392370000000001],[167.83908,-15.386000000000001],[167.82938,-15.382940000000001],[167.82157,-15.386740000000001],[167.82045,-15.38972]]]}"
LE70810712003042EDC00,3.4,"{cloud_count=0.0, shadow_count=0.0, water_count=2211.0, snow_count=0.0, lake_SR={blue=1.7951599728629581, green=0.41945463591135085, red=0.24391718679330612, nir=0.06708543645409343, swir1=0.0031647218453189625, swir2=0.0019156037991858977}}",0.26,2003-02-11T22:38:09,42.94316813657407,34.53852081298828,"{swir1=0.7343991388245882, swir2=0.13105207860028517}","{bkgd_rad={tir1=8.814057636022103, tir2=8.813139499544334}, lake_rad={tir1=8.880899287074147, tir2=8.880902148097096}}","{pixel_counts={valid={blue=2952, green=2952, red=2952, nir=2952}, cloud=0.0, lake=2313.0}, mean_radiance={blue=187.32350014877485, green=177.34906802113522, red=95.53612932600194, nir=20.008962711213833}}","{""geodesic"":true,""type"":""Polygon"",""coordinates"":[[[167.82045,-15.38972],[167.82389,-15.396589999999993],[167.82706,-15.397670000000007],[167.840195,-15.395349000000005],[167.84174000000002,-15.392370000000001],[167.83908,-15.386000000000001],[167.82938,-15.382940000000001],[167.82157,-15.386740000000001],[167.82045,-15.38972]]]}"
LE70810712003106EDC00,2.9100006103515623,"{cloud_count=null, shadow_count=null, water_count=null, snow_count=null, lake_SR=null}",0.257,2003-04-16T22:38:14,106.94322215277778,41.13810348510742,"{swir1=4.212830885384961, swir2=1.2547269426554384}","{bkgd_rad={tir1=8.107719907497668, tir2=8.105985753586703}, lake_rad={tir1=8.433101765625263, tir2=8.431480826924249}}","{pixel_counts={valid={blue=2952, green=2952, red=2952, nir=2952}, cloud=0.0, lake=2201.0}, mean_radiance={blue=171.57460116950125, green=148.55126760570312, red=85.71989495166049, nir=32.72922682123041}}","{""geodesic"":true,""type"":""Polygon"",""coordinates"":[[[167.82045,-15.38972],[167.82389,-15.396589999999993],[167.82706,-15.397670000000007],[167.840195,-15.395349000000005],[167.84174000000002,-15.392370000000001],[167.83908,-15.386000000000001],[167.82938,-15.382940000000001],[167.82157,-15.386740000000001],[167.82045,-15.38972]]]}"
LE70810712003122EDC00,3.8800003051757814,"{cloud_count=null, shadow_count=null, water_count=null, snow_count=null, lake_SR=null}",0.255,2003-05-02T22:38:15,122.94323293981482,44.10441589355469,"{swir1=1.113672357117338, swir2=0.2781883259504208}","{bkgd_rad={tir1=7.9077274721657105, tir2=7.907242107213053}, lake_rad={tir1=8.349696726975461, tir2=8.347968945267262}}","{pixel_counts={valid={blue=2952, green=2952, red=2952, nir=2952}, cloud=0.0, lake=2243.0}, mean_radiance={blue=99.40244553421843, green=68.8478142121409, red=27.149159577293585, nir=9.296764173307857}}","{""geodesic"":true,""type"":""Polygon"",""coordinates"":[[[167.82045,-15.38972],[167.82389,-15.396589999999993],[167.82706,-15.397670000000007],[167.840195,-15.395349000000005],[167.84174000000002,-15.392370000000001],[167.83908,-15.386000000000001],[167.82938,-15.382940000000001],[167.82157,-15.386740000000001],[167.82045,-15.38972]]]}"
LE70810712004109EDC01,2.8100006103515627,"{cloud_count=null, shadow_count=null, water_count=null, snow_count=null, lake_SR=null}",0.253,2004-04-18T22:38:36,109.94348230324074,41.56430435180664,"{swir1=0.5120994097711545, swir2=0.09454266279333631}","{bkgd_rad={tir1=8.196470940044687, tir2=8.194894112683619}, lake_rad={tir1=8.493417268527688, tir2=8.488940574250234}}","{pixel_counts={valid={blue=1925, green=1915, red=1903, nir=1895}, cloud=0.0, lake=1535.0}, mean_radiance={blue=109.65875847828273, green=77.75123098234363, red=28.470953921668304, nir=6.8781482133773535}}","{""geodesic"":true,""type"":""Polygon"",""coordinates"":[[[167.82045,-15.38972],[167.82389,-15.396589999999993],[167.82706,-15.397670000000007],[167.840195,-15.395349000000005],[167.84174000000002,-15.392370000000001],[167.83908,-15.386000000000001],[167.82938,-15.382940000000001],[167.82157,-15.386740000000001],[167.82045,-15.38972]]]}"
LE70810712004125EDC02,4.219999694824219,"{cloud_count=null, shadow_count=null, water_count=null, snow_count=null, lake_SR=null}",0.243,2004-05-04T22:38:40,125.94351938657407,44.5547981262207,"{swir1=1.877172254572312, swir2=0.5485684073858688}","{bkgd_rad={tir1=8.245732443888008, tir2=8.250211832444013}, lake_rad={tir1=8.397555006874931, tir2=8.39912552550987}}","{pixel_counts={valid={blue=1958, green=1948, red=1936, nir=1923}, cloud=0.0, lake=1474.0}, mean_radiance={blue=108.4726796594803, green=78.32597308311598, red=33.87170682004338, nir=12.979181211274714}}","{""geodesic"":true,""type"":""Polygon"",""coordinates"":[[[167.82045,-15.38972],[167.82389,-15.396589999999993],[167.82706,-15.397670000000007],[167.840195,-15.395349000000005],[167.84174000000002,-15.392370000000001],[167.83908,-15.386000000000001],[167.82938,-15.382940000000001],[167.82157,-15.386740000000001],[167.82045,-15.38972]]]}"
LE70810712004141EDC01,2.8199996948242188,"{cloud_count=null, shadow_count=null, water_count=null, snow_count=null, lake_SR=null}",0.258,2004-05-20T22:38:40,141.9435216087963,47.36540603637695,"{swir1=2.4627314131250495, swir2=0.6298022395301713}","{bkgd_rad={tir1=7.306247717360288, tir2=7.305837095691272}, lake_rad={tir1=7.700323967311693, tir2=7.700506752376029}}","{pixel_counts={valid={blue=2005, green=1990, red=1980, nir=1967}, cloud=0.0, lake=1376.0}, mean_radiance={blue=123.52804692489566, green=93.18993657913498, red=45.38371749703875, nir=19.560338544664273}}","{""geodesic"":true,""type"":""Polygon"",""coordinates"":[[[167.82045,-15.38972],[167.82389,-15.396589999999993],[167.82706,-15.397670000000007],[167.840195,-15.395349000000005],[167.84174000000002,-15.392370000000001],[167.83908,-15.386000000000001],[167.82938,-15.382940000000001],[167.82157,-15.386740000000001],[167.82045,-15.38972]]]}"
LE70810712005143EDC00,3.9399993896484373,"{cloud_count=null, shadow_count=null, water_count=null, snow_count=null, lake_SR=null}",0.254,2005-05-23T22:39:04,143.94380765046296,47.73430252075195,"{swir1=5.788198494329685, swir2=1.627535096028956}","{bkgd_rad={tir1=4.787474705395123, tir2=4.786939914978988}, lake_rad={tir1=5.090401614584574, tir2=5.086551608108893}}","{pixel_counts={valid={blue=2218, green=2211, red=2204, nir=2195}, cloud=0.0, lake=45.0}, mean_radiance={blue=125.84173513013263, green=98.30100658328034, red=65.23239011542742, nir=45.471093643543334}}","{""geodesic"":true,""type"":""Polygon"",""coordinates"":[[[167.82045,-15.38972],[167.82389,-15.396589999999993],[167.82706,-15.397670000000007],[167.840195,-15.395349000000005],[167.84174000000002,-15.392370000000001],[167.83908,-15.386000000000001],[167.82938,-15.382940000000001],[167.82157,-15.386740000000001],[167.82045,-15.38972]]]}"
LE70810712005335EDC00,3.6399993896484375,"{cloud_count=null, shadow_count=null, water_count=null, snow_count=null, lake_SR=null}",0.276,2005-12-01T22:39:04,335.9438050231482,28.31341552734375,"{swir1=5.797873939786639, swir2=1.4937008278710502}","{bkgd_rad={tir1=7.608351707458496, tir2=7.612587976068563}, lake_rad={tir1=8.836266245160784, tir2=8.833857945033483}}","{pixel_counts={valid={blue=2065, green=2057, red=2046, nir=2040}, cloud=0.0, lake=8.0}, mean_radiance={blue=112.7525634765625, green=91.45531463623047, red=70.84172821044922, nir=41.66830825805664}}","{""geodesic"":true,""type"":""Polygon"",""coordinates"":[[[167.82045,-15.38972],[167.82389,-15.396589999999993],[167.82706,-15.397670000000007],[167.840195,-15.395349000000005],[167.84174000000002,-15.392370000000001],[167.83908,-15.386000000000001],[167.82938,-15.382940000000001],[167.82157,-15.386740000000001],[167.82045,-15.38972]]]}"
LE70810712005351EDC00,4.510000610351563,"{cloud_count=null, shadow_count=null, water_count=null, snow_count=null, lake_SR=null}",0.256,2005-12-17T22:39:06,351.9438268402778,30.116077423095703,"{swir1=2.654795517379512, swir2=0.8404078317901483}","{bkgd_rad={tir1=8.40401086865999, tir2=8.404153722022837}, lake_rad={tir1=9.178160807099005, tir2=9.17934395207299}}","{pixel_counts={valid={blue=1924, green=1912, red=1904, nir=1892}, cloud=0.0, lake=1668.0}, mean_radiance={blue=89.32512125925072, green=69.76229092576658, red=47.316922449720984, nir=17.88405082103614}}","{""geodesic"":true,""type"":""Polygon"",""coordinates"":[[[167.82045,-15.38972],[167.82389,-15.396589999999993],[167.82706,-15.397670000000007],[167.840195,-15.395349000000005],[167.84174000000002,-15.392370000000001],[167.83908,-15.386000000000001],[167.82938,-15.382940000000001],[167.82157,-15.386740000000001],[167.82045,-15.38972]]]}"
LE70810712006034EDC00,4.410000610351562,"{cloud_count=null, shadow_count=null, water_count=null, snow_count=null, lake_SR=null}",0.241,2006-02-03T22:39:30,34.94409920138889,33.90874099731445,"{swir1=1.4128431468877065, swir2=0.3866018169019503}","{bkgd_rad={tir1=8.337924213313737, tir2=8.333691558710308}, lake_rad={tir1=8.586448163077945, tir2=8.586712146940686}}","{pixel_counts={valid={blue=2155, green=2142, red=2135, nir=2125}, cloud=0.0, lake=1763.0}, mean_radiance={blue=80.05497245788574, green=56.66382951387545, red=27.68267556865041, nir=10.02271845631483}}","{""geodesic"":true,""type"":""Polygon"",""coordinates"":[[[167.82045,-15.38972],[167.82389,-15.396589999999993],[167.82706,-15.397670000000007],[167.840195,-15.395349000000005],[167.84174000000002,-15.392370000000001],[167.83908,-15.386000000000001],[167.82938,-15.382940000000001],[167.82157,-15.386740000000001],[167.82045,-15.38972]]]}"
LE70810712006050EDC00,5.589999389648438,"{cloud_count=null, shadow_count=null, water_count=null, snow_count=null, lake_SR=null}",0.244,2006-02-19T22:39:33,50.94414247685185,34.631046295166016,"{swir1=5.058582782745361, swir2=1.010826826095581}","{bkgd_rad={tir1=6.577324793192721, tir2=6.581713522375401}, lake_rad={tir1=7.312441349029541, tir2=7.329724311828613}}","{pixel_counts={valid={blue=2216, green=2206, red=2195, nir=2187}, cloud=0.0, lake=1.0}, mean_radiance={blue=92.70000457763672, green=69.48779296875, red=47.218894958496094, nir=31.73307228088379}}","{""geodesic"":true,""type"":""Polygon"",""coordinates"":[[[167.82045,-15.38972],[167.82389,-15.396589999999993],[167.82706,-15.397670000000007],[167.840195,-15.395349000000005],[167.84174000000002,-15.392370000000001],[167.83908,-15.386000000000001],[167.82938,-15.382940000000001],[167.82157,-15.386740000000001],[167.82045,-15.38972]]]}"
LE70810712006066EDC00,4.45,"{cloud_count=null, shadow_count=null, water_count=null, snow_count=null, lake_SR=null}",0.247,2006-03-07T22:39:35,66.94415925925927,35.63423156738281,"{swir1=1.6293773732506311, swir2=0.46649608151692673}","{bkgd_rad={tir1=8.277113423783364, tir2=8.279423497720439}, lake_rad={tir1=8.509968888351107, tir2=8.50880075912238}}","{pixel_counts={valid={blue=1964, green=1953, red=1941, nir=1928}, cloud=0.0, lake=1326.0}, mean_radiance={blue=87.88574236427866, green=58.979105383400025, red=22.98552739755894, nir=9.825511055845555}}","{""geodesic"":true,""type"":""Polygon"",""coordinates"":[[[167.82045,-15.38972],[167.82389,-15.396589999999993],[167.82706,-15.397670000000007],[167.840195,-15.395349000000005],[167.84174000000002,-15.392370000000001],[167.83908,-15.386000000000001],[167.82938,-15.382940000000001],[167.82157,-15.386740000000001],[167.82045,-15.38972]]]}"
LE70810712006146EDC00,4.289999389648438,"{cloud_count=null, shadow_count=null, water_count=null, snow_count=null, lake_SR=null}",0.238,2006-05-26T22:39:33,146.94413347222223,48.09379959106445,"{swir1=4.890288670857747, swir2=1.0693569978078206}","{bkgd_rad={tir1=7.753799610936891, tir2=7.756932928175359}, lake_rad={tir1=7.84913444519043, tir2=7.8877949714660645}}","{pixel_counts={valid={blue=1970, green=1956, red=1945, nir=1931}, cloud=0.0, lake=4.0}, mean_radiance={blue=46.75433349609375, green=30.079395929972332, red=22.14553705851237, nir=13.239894231160482}}","{""geodesic"":true,""type"":""Polygon"",""coordinates"":[[[167.82045,-15.38972],[167.82389,-15.396589999999993],[167.82706,-15.397670000000007],[167.840195,-15.395349000000005],[167.84174000000002,-15.392370000000001],[167.83908,-15.386000000000001],[167.82938,-15.382940000000001],[167.82157,-15.386740000000001],[167.82045,-15.38972]]]}"
LE70810712006162EDC00,3.5300003051757813,"{cloud_count=null, shadow_count=null, water_count=null, snow_count=null, lake_SR=null}",0.239,2006-06-11T22:39:30,162.94409953703703,49.91994857788086,"{swir1=null, swir2=null}","{bkgd_rad={tir1=7.709244374942062, tir2=7.706946544479906}, lake_rad={tir1=null, tir2=null}}","{pixel_counts={valid={blue=1994, green=1981, red=1971, nir=1960}, cloud=0.0, lake=20.0}, mean_radiance={blue=53.762994130452476, green=41.52913284301758, red=41.62401453653971, nir=18.99776776631673}}","{""geodesic"":true,""type"":""Polygon"",""coordinates"":[[[167.82045,-15.38972],[167.82389,-15.396589999999993],[167.82706,-15.397670000000007],[167.840195,-15.395349000000005],[167.84174000000002,-15.392370000000001],[167.83908,-15.386000000000001],[167.82938,-15.382940000000001],[167.82157,-15.386740000000001],[167.82045,-15.38972]]]}"
LE70810712007149EDC00,3.7399993896484376,"{cloud_count=null, shadow_count=null, water_count=null, snow_count=null, lake_SR=null}",0.256,2007-05-29T22:39:44,149.94426434027778,48.436805725097656,"{swir1=6.0029821672609875, swir2=1.6869288172040666}","{bkgd_rad={tir1=7.300712908231295, tir2=7.300793068225567}, lake_rad={tir1=7.833652698076689, tir2=7.8348499444814825}}","{pixel_counts={valid={blue=2022, green=2011, red=2002, nir=1991}, cloud=0.0, lake=115.0}, mean_radiance={blue=82.11052737917218, green=64.78046972411019, red=44.538014837673735, nir=27.57936123439244}}","{""geodesic"":true,""type"":""Polygon"",""coordinates"":[[[167.82045,-15.38972],[167.82389,-15.396589999999993],[167.82706,-15.397670000000007],[167.840195,-15.395349000000005],[167.84174000000002,-15.392370000000001],[167.83908,-15.386000000000001],[167.82938,-15.382940000000001],[167.82157,-15.386740000000001],[167.82045,-15.38972]]]}"
LE70810712008072EDC00,4.25,"{cloud_count=null, shadow_count=null, water_count=null, snow_count=null, lake_SR=null}",0.249,2008-03-12T22:39:37,72.94418068287037,36.11391067504883,"{swir1=8.892339258308871, swir2=2.2401369752654112}","{bkgd_rad={tir1=6.705042955126835, tir2=6.7084621248733285}, lake_rad={tir1=7.03477727704578, tir2=7.040870825449626}}","{pixel_counts={valid={blue=2097, green=2087, red=2080, nir=2071}, cloud=0.0, lake=252.0}, mean_radiance={blue=146.49562471075708, green=127.08295835931617, red=88.29296689627161, nir=53.544074016402526}}","{""geodesic"":true,""type"":""Polygon"",""coordinates"":[[[167.82045,-15.38972],[167.82389,-15.396589999999993],[167.82706,-15.397670000000007],[167.840195,-15.395349000000005],[167.84174000000002,-15.392370000000001],[167.83908,-15.386000000000001],[167.82938,-15.382940000000001],[167.82157,-15.386740000000001],[167.82045,-15.38972]]]}"
LE70810712008104EDC00,4.410000610351562,"{cloud_count=null, shadow_count=null, water_count=null, snow_count=null, lake_SR=null}",0.251,2008-04-13T22:39:37,104.94417898148149,40.565731048583984,"{swir1=7.260428597056676, swir2=1.704479161709074}","{bkgd_rad={tir1=7.828192779342283, tir2=7.8258501626030466}, lake_rad={tir1=8.055718380307395, tir2=8.057873824286082}}","{pixel_counts={valid={blue=2266, green=2258, red=2247, nir=2240}, cloud=0.0, lake=126.0}, mean_radiance={blue=129.23898672679113, green=113.16290119716099, red=69.90924938141353, nir=39.39508907378666}}","{""geodesic"":true,""type"":""Polygon"",""coordinates"":[[[167.82045,-15.38972],[167.82389,-15.396589999999993],[167.82706,-15.397670000000007],[167.840195,-15.395349000000005],[167.84174000000002,-15.392370000000001],[167.83908,-15.386000000000001],[167.82938,-15.382940000000001],[167.82157,-15.386740000000001],[167.82045,-15.38972]]]}"
LE70810712008120EDC00,4.019999694824219,"{cloud_count=null, shadow_count=null, water_count=null, snow_count=null, lake_SR=null}",0.244,2008-04-29T22:39:33,120.94414232638889,43.53656005859375,"{swir1=null, swir2=null}","{bkgd_rad={tir1=2.4942886272149623, tir2=3.200000047683716}, lake_rad={tir1=null, tir2=null}}","{pixel_counts={valid={blue=2067, green=2058, red=2047, nir=2040}, cloud=0.0, lake=0.0}, mean_radiance={blue=null, green=null, red=null, nir=null}}","{""geodesic"":true,""type"":""Polygon"",""coordinates"":[[[167.82045,-15.38972],[167.82389,-15.396589999999993],[167.82706,-15.397670000000007],[167.840195,-15.395349000000005],[167.84174000000002,-15.392370000000001],[167.83908,-15.386000000000001],[167.82938,-15.382940000000001],[167.82157,-15.386740000000001],[167.82045,-15.38972]]]}"
LE70810712009090EDC00,4.45,"{cloud_count=null, shadow_count=null, water_count=null, snow_count=null, lake_SR=null}",0.246,2009-03-31T22:39:45,90.94427623842593,38.26529312133789,"{swir1=5.107118361655923, swir2=1.332838449537884}","{bkgd_rad={tir1=6.784466733734047, tir2=6.781849341435577}, lake_rad={tir1=7.1331782600718645, tir2=7.130893870895984}}","{pixel_counts={valid={blue=2203, green=2193, red=2185, nir=2173}, cloud=0.0, lake=978.0}, mean_radiance={blue=121.66156455074254, green=98.0096830404334, red=60.003535264642245, nir=35.43810094385772}}","{""geodesic"":true,""type"":""Polygon"",""coordinates"":[[[167.82045,-15.38972],[167.82389,-15.396589999999993],[167.82706,-15.397670000000007],[167.840195,-15.395349000000005],[167.84174000000002,-15.392370000000001],[167.83908,-15.386000000000001],[167.82938,-15.382940000000001],[167.82157,-15.386740000000001],[167.82045,-15.38972]]]}"
LE70810712009106EDC00,4.6100006103515625,"{cloud_count=null, shadow_count=null, water_count=null, snow_count=null, lake_SR=null}",0.252,2009-04-16T22:39:50,106.9443343287037,40.90719223022461,"{swir1=0.5128522567017475, swir2=0.11220234095280252}","{bkgd_rad={tir1=8.339476503845514, tir2=8.338748883615255}, lake_rad={tir1=8.49726008917224, tir2=8.496109644356858}}","{pixel_counts={valid={blue=2265, green=2254, red=2247, nir=2235}, cloud=0.0, lake=1608.0}, mean_radiance={blue=45.042319444843756, green=26.44252677699072, red=11.416991720280247, nir=5.239948826791718}}","{""geodesic"":true,""type"":""Polygon"",""coordinates"":[[[167.82045,-15.38972],[167.82389,-15.396589999999993],[167.82706,-15.397670000000007],[167.840195,-15.395349000000005],[167.84174000000002,-15.392370000000001],[167.83908,-15.386000000000001],[167.82938,-15.382940000000001],[167.82157,-15.386740000000001],[167.82045,-15.38972]]]}"
LE70810712009138EDC00,4.089999389648438,"{cloud_count=null, shadow_count=null, water_count=null, snow_count=null, lake_SR=null}",0.263,2009-05-18T22:39:55,138.94439594907408,46.77211380004883,"{swir1=1.1842964119202382, swir2=0.30336296512600586}","{bkgd_rad={tir1=7.7194272808427895, tir2=7.722387285353015}, lake_rad={tir1=8.266159214844574, tir2=8.268389056179975}}","{pixel_counts={valid={blue=2025, green=2012, red=2000, nir=1991}, cloud=0.0, lake=416.0}, mean_radiance={blue=53.66540249290369, green=32.75438392131835, red=18.273054266829625, nir=10.438409950422203}}","{""geodesic"":true,""type"":""Polygon"",""coordinates"":[[[167.82045,-15.38972],[167.82389,-15.396589999999993],[167.82706,-15.397670000000007],[167.840195,-15.395349000000005],[167.84174000000002,-15.392370000000001],[167.83908,-15.386000000000001],[167.82938,-15.382940000000001],[167.82157,-15.386740000000001],[167.82045,-15.38972]]]}"
LE70810712010061EDC00,3.9300003051757812,"{cloud_count=null, shadow_count=null, water_count=null, snow_count=null, lake_SR=null}",0.245,2010-03-02T22:41:32,61.94551445601852,34.75870132446289,"{swir1=2.157593009196706, swir2=0.5819413381855425}","{bkgd_rad={tir1=7.584583538778007, tir2=7.581199365201765}, lake_rad={tir1=8.361230898782193, tir2=8.35857354819948}}","{pixel_counts={valid={blue=2075, green=2066, red=2052, nir=2040}, cloud=0.0, lake=1122.0}, mean_radiance={blue=69.2081297008204, green=45.67417442029163, red=26.62407865426159, nir=15.610555680919965}}","{""geodesic"":true,""type"":""Polygon"",""coordinates"":[[[167.82045,-15.38972],[167.82389,-15.396589999999993],[167.82706,-15.397670000000007],[167.840195,-15.395349000000005],[167.84174000000002,-15.392370000000001],[167.83908,-15.386000000000001],[167.82938,-15.382940000000001],[167.82157,-15.386740000000001],[167.82045,-15.38972]]]}"
LE70810712010093EDC00,4.4,"{cloud_count=null, shadow_count=null, water_count=null, snow_count=null, lake_SR=null}",0.245,2010-04-03T22:41:41,93.94562255787037,38.30717849731445,"{swir1=0.8209276486107018, swir2=0.21024246065517743}","{bkgd_rad={tir1=8.309867424718412, tir2=8.314024231650613}, lake_rad={tir1=8.669542896353855, tir2=8.675813352567413}}","{pixel_counts={valid={blue=2034, green=2022, red=2011, nir=1999}, cloud=0.0, lake=1553.0}, mean_radiance={blue=46.12387337642775, green=28.683845350019517, red=15.443627888410981, nir=7.27040931214198}}","{""geodesic"":true,""type"":""Polygon"",""coordinates"":[[[167.82045,-15.38972],[167.82389,-15.396589999999993],[167.82706,-15.397670000000007],[167.840195,-15.395349000000005],[167.84174000000002,-15.392370000000001],[167.83908,-15.386000000000001],[167.82938,-15.382940000000001],[167.82157,-15.386740000000001],[167.82045,-15.38972]]]}"
LE70810712011080EDC00,3.45,"{cloud_count=null, shadow_count=null, water_count=null, snow_count=null, lake_SR=null}",0.261,2011-03-21T22:43:02,80.94655738425926,36.10398483276367,"{swir1=4.516886418064435, swir2=1.1696508932444785}","{bkgd_rad={tir1=6.797675703947392, tir2=6.794907930075452}, lake_rad={tir1=7.412605351871914, tir2=7.400258269574907}}","{pixel_counts={valid={blue=1981, green=1974, red=1963, nir=1955}, cloud=0.0, lake=164.0}, mean_radiance={blue=99.19117923859628, green=75.01252987769342, red=52.27634799095892, nir=31.61425544984879}}","{""geodesic"":true,""type"":""Polygon"",""coordinates"":[[[167.82045,-15.38972],[167.82389,-15.396589999999993],[167.82706,-15.397670000000007],[167.840195,-15.395349000000005],[167.84174000000002,-15.392370000000001],[167.83908,-15.386000000000001],[167.82938,-15.382940000000001],[167.82157,-15.386740000000001],[167.82045,-15.38972]]]}"
LE70810712011096EDC00,4.1399993896484375,"{cloud_count=null, shadow_count=null, water_count=null, snow_count=null, lake_SR=null}",0.244,2011-04-06T22:43:06,96.94660773148148,38.41695785522461,"{swir1=3.2967031411211876, swir2=0.8487822185255119}","{bkgd_rad={tir1=7.112086236790607, tir2=7.111550338958439}, lake_rad={tir1=7.635364879475961, tir2=7.636202768130665}}","{pixel_counts={valid={blue=2008, green=1996, red=1986, nir=1974}, cloud=0.0, lake=666.0}, mean_radiance={blue=102.27298752191498, green=80.92034040436032, red=56.68369276992918, nir=30.388275404802457}}","{""geodesic"":true,""type"":""Polygon"",""coordinates"":[[[167.82045,-15.38972],[167.82389,-15.396589999999993],[167.82706,-15.397670000000007],[167.840195,-15.395349000000005],[167.84174000000002,-15.392370000000001],[167.83908,-15.386000000000001],[167.82938,-15.382940000000001],[167.82157,-15.386740000000001],[167.82045,-15.38972]]]}"
LE70810712011112EDC00,3.7899993896484374,"{cloud_count=null, shadow_count=null, water_count=null, snow_count=null, lake_SR=null}",0.245,2011-04-22T22:43:05,112.94658989583333,41.2990837097168,"{swir1=2.697970764327595, swir2=0.5628028119565877}","{bkgd_rad={tir1=7.423033252182327, tir2=7.425452360159743}, lake_rad={tir1=8.310034595373022, tir2=8.3109632229987}}","{pixel_counts={valid={blue=2133, green=2121, red=2114, nir=2104}, cloud=0.0, lake=132.0}, mean_radiance={blue=71.35544320308802, green=49.20263638640895, red=34.941238417769924, nir=21.151641123222582}}","{""geodesic"":true,""type"":""Polygon"",""coordinates"":[[[167.82045,-15.38972],[167.82389,-15.396589999999993],[167.82706,-15.397670000000007],[167.840195,-15.395349000000005],[167.84174000000002,-15.392370000000001],[167.83908,-15.386000000000001],[167.82938,-15.382940000000001],[167.82157,-15.386740000000001],[167.82045,-15.38972]]]}"
LE70810712011128EDC00,4.169999694824218,"{cloud_count=null, shadow_count=null, water_count=null, snow_count=null, lake_SR=null}",0.255,2011-05-08T22:43:05,128.9465905324074,44.367698669433594,"{swir1=4.252230798302358, swir2=1.0892843112091108}","{bkgd_rad={tir1=7.409684801018684, tir2=7.412455454403883}, lake_rad={tir1=8.021542874926087, tir2=8.021775164080493}}","{pixel_counts={valid={blue=2237, green=2229, red=2221, nir=2212}, cloud=0.0, lake=904.0}, mean_radiance={blue=122.39596196406305, green=96.98431511140812, red=69.23175206157447, nir=33.18865171960518}}","{""geodesic"":true,""type"":""Polygon"",""coordinates"":[[[167.82045,-15.38972],[167.82389,-15.396589999999993],[167.82706,-15.397670000000007],[167.840195,-15.395349000000005],[167.84174000000002,-15.392370000000001],[167.83908,-15.386000000000001],[167.82938,-15.382940000000001],[167.82157,-15.386740000000001],[167.82045,-15.38972]]]}"
LE70810712012003EDC00,5.319999694824219,"{cloud_count=null, shadow_count=null, water_count=null, snow_count=null, lake_SR=null}",0.241,2012-01-03T22:43:30,3.946879074074074,30.809322357177734,"{swir1=4.115171888776919, swir2=1.1186623053971252}","{bkgd_rad={tir1=7.994512572168877, tir2=7.992261604767119}, lake_rad={tir1=8.94273899100986, tir2=8.939894655005263}}","{pixel_counts={valid={blue=2025, green=2014, red=2003, nir=1994}, cloud=0.0, lake=1118.0}, mean_radiance={blue=131.70974327663205, green=104.36679033603308, red=74.05614725688719, nir=30.59095397175483}}","{""geodesic"":true,""type"":""Polygon"",""coordinates"":[[[167.82045,-15.38972],[167.82389,-15.396589999999993],[167.82706,-15.397670000000007],[167.840195,-15.395349000000005],[167.84174000000002,-15.392370000000001],[167.83908,-15.386000000000001],[167.82938,-15.382940000000001],[167.82157,-15.386740000000001],[167.82045,-15.38972]]]}"
LE70810712012019EDC00,4.330000305175782,"{cloud_count=null, shadow_count=null, water_count=null, snow_count=null, lake_SR=null}",0.244,2012-01-19T22:43:29,19.946874502314813,32.02968215942383,"{swir1=1.8833159848311682, swir2=0.44812608998199543}","{bkgd_rad={tir1=7.7937161656101654, tir2=7.79336406814305}, lake_rad={tir1=8.78150493017445, tir2=8.77863210527617}}","{pixel_counts={valid={blue=2153, green=2144, red=2132, nir=2124}, cloud=0.0, lake=1692.0}, mean_radiance={blue=117.95960754413346, green=90.4565449678207, red=56.44673271861235, nir=18.670346843329074}}","{""geodesic"":true,""type"":""Polygon"",""coordinates"":[[[167.82045,-15.38972],[167.82389,-15.396589999999993],[167.82706,-15.397670000000007],[167.840195,-15.395349000000005],[167.84174000000002,-15.392370000000001],[167.83908,-15.386000000000001],[167.82938,-15.382940000000001],[167.82157,-15.386740000000001],[167.82045,-15.38972]]]}"
LE70810712012067EDC00,3.769999694824219,"{cloud_count=null, shadow_count=null, water_count=null, snow_count=null, lake_SR=null}",0.255,2012-03-07T22:43:34,67.94692263888889,34.63106155395508,"{swir1=5.285059639854004, swir2=1.4448859282217297}","{bkgd_rad={tir1=7.873230815767409, tir2=7.870647314469373}, lake_rad={tir1=8.579708874347011, tir2=8.573847044266897}}","{pixel_counts={valid={blue=1937, green=1925, red=1916, nir=1904}, cloud=0.0, lake=574.0}, mean_radiance={blue=142.13384164054438, green=112.98122362100852, red=72.96004294629367, nir=32.03300352456435}}","{""geodesic"":true,""type"":""Polygon"",""coordinates"":[[[167.82045,-15.38972],[167.82389,-15.396589999999993],[167.82706,-15.397670000000007],[167.840195,-15.395349000000005],[167.84174000000002,-15.392370000000001],[167.83908,-15.386000000000001],[167.82938,-15.382940000000001],[167.82157,-15.386740000000001],[167.82045,-15.38972]]]}"
LE70810712012083EDC00,5.739999389648437,"{cloud_count=null, shadow_count=null, water_count=null, snow_count=null, lake_SR=null}",0.251,2012-03-23T22:43:37,83.94695686342592,36.33963394165039,"{swir1=2.034386145959919, swir2=0.5021743478428107}","{bkgd_rad={tir1=7.885487944881892, tir2=7.8831337717173176}, lake_rad={tir1=8.757424291533729, tir2=8.752078109731277}}","{pixel_counts={valid={blue=2095, green=2088, red=2077, nir=2069}, cloud=0.0, lake=1704.0}, mean_radiance={blue=155.41827959934525, green=122.36188071925524, red=70.57002086840427, nir=21.409187367150153}}","{""geodesic"":true,""type"":""Polygon"",""coordinates"":[[[167.82045,-15.38972],[167.82389,-15.396589999999993],[167.82706,-15.397670000000007],[167.840195,-15.395349000000005],[167.84174000000002,-15.392370000000001],[167.83908,-15.386000000000001],[167.82938,-15.382940000000001],[167.82157,-15.386740000000001],[167.82045,-15.38972]]]}"
LE70810712012115EDC00,3.25,"{cloud_count=null, shadow_count=null, water_count=null, snow_count=null, lake_SR=null}",0.26,2012-04-24T22:43:46,115.94706956018518,41.75663757324219,"{swir1=9.251815189149713, swir2=2.4947740954504414}","{bkgd_rad={tir1=7.738272378291365, tir2=7.736819622219836}, lake_rad={tir1=8.166103083684279, tir2=8.164904341316474}}","{pixel_counts={valid={blue=2062, green=2050, red=2038, nir=2029}, cloud=0.0, lake=842.0}, mean_radiance={blue=179.22777132987977, green=164.71699323654175, red=117.53257107257843, nir=56.6656690120697}}","{""geodesic"":true,""type"":""Polygon"",""coordinates"":[[[167.82045,-15.38972],[167.82389,-15.396589999999993],[167.82706,-15.397670000000007],[167.840195,-15.395349000000005],[167.84174000000002,-15.392370000000001],[167.83908,-15.386000000000001],[167.82938,-15.382940000000001],[167.82157,-15.386740000000001],[167.82045,-15.38972]]]}"
LE70810712012291EDC00,4.710000610351562,"{cloud_count=null, shadow_count=null, water_count=null, snow_count=null, lake_SR=null}",0.245,2012-10-17T22:45:15,291.94809293981484,26.670269012451172,"{swir1=11.024854642241749, swir2=2.727421012387347}","{bkgd_rad={tir1=6.838467312502738, tir2=6.835340093458963}, lake_rad={tir1=7.549247076262289, tir2=7.533794958200028}}","{pixel_counts={valid={blue=2207, green=2201, red=2190, nir=2180}, cloud=0.0, lake=149.0}, mean_radiance={blue=187.5308143723179, green=169.05888355953593, red=127.25021953314123, nir=69.3511330510529}}","{""geodesic"":true,""type"":""Polygon"",""coordinates"":[[[167.82045,-15.38972],[167.82389,-15.396589999999993],[167.82706,-15.397670000000007],[167.840195,-15.395349000000005],[167.84174000000002,-15.392370000000001],[167.83908,-15.386000000000001],[167.82938,-15.382940000000001],[167.82157,-15.386740000000001],[167.82045,-15.38972]]]}"
LE70810712012307EDC00,4.119999694824219,"{cloud_count=null, shadow_count=null, water_count=null, snow_count=null, lake_SR=null}",0.271,2012-11-02T22:45:19,307.94814581018517,25.23046112060547,"{swir1=null, swir2=null}","{bkgd_rad={tir1=6.263138951571793, tir2=6.25877385560297}, lake_rad={tir1=null, tir2=null}}","{pixel_counts={valid={blue=1970, green=1963, red=1951, nir=1944}, cloud=0.0, lake=0.0}, mean_radiance={blue=null, green=null, red=null, nir=null}}","{""geodesic"":true,""type"":""Polygon"",""coordinates"":[[[167.82045,-15.38972],[167.82389,-15.396589999999993],[167.82706,-15.397670000000007],[167.840195,-15.395349000000005],[167.84174000000002,-15.392370000000001],[167.83908,-15.386000000000001],[167.82938,-15.382940000000001],[167.82157,-15.386740000000001],[167.82045,-15.38972]]]}"
LE70810712012339EDC04,4.3899993896484375,"{cloud_count=null, shadow_count=null, water_count=null, snow_count=null, lake_SR=null}",0.26,2012-12-04T22:45:27,339.9482340277778,27.085243225097656,"{swir1=13.313648836285461, swir2=3.4876004083483827}","{bkgd_rad={tir1=7.889927816887696, tir2=7.889829622581601}, lake_rad={tir1=8.193117567137175, tir2=8.20330579140607}}","{pixel_counts={valid={blue=1927, green=1918, red=1906, nir=1900}, cloud=0.0, lake=130.0}, mean_radiance={blue=189.20336585209287, green=171.02731796790815, red=128.92346040133773, nir=69.63570663846772}}","{""geodesic"":true,""type"":""Polygon"",""coordinates"":[[[167.82045,-15.38972],[167.82389,-15.396589999999993],[167.82706,-15.397670000000007],[167.840195,-15.395349000000005],[167.84174000000002,-15.392370000000001],[167.83908,-15.386000000000001],[167.82938,-15.382940000000001],[167.82157,-15.386740000000001],[167.82045,-15.38972]]]}"
LE70810712013085EDC00,5.25,"{cloud_count=645.0, shadow_count=507.0, water_count=721.0, snow_count=0.0, lake_SR={blue=0.49255409153952956, green=0.28512149791955627, red=0.16681178918169226, nir=0.04793883495145669, swir1=0.015365048543689284, swir2=0.011855062413314823}}",0.261,2013-03-26T22:45:31,85.94828196759259,36.28382110595703,"{swir1=1.9412544372584608, swir2=0.48888954715132155}","{bkgd_rad={tir1=7.89466752092889, tir2=7.889726522526843}, lake_rad={tir1=9.080955896306248, tir2=9.07763809415453}}","{pixel_counts={valid={blue=2199, green=2187, red=2180, nir=2169}, cloud=0.0, lake=1603.0}, mean_radiance={blue=142.30696791759237, green=107.83369903911695, red=57.75103193141704, nir=16.33091859544672}}","{""geodesic"":true,""type"":""Polygon"",""coordinates"":[[[167.82045,-15.38972],[167.82389,-15.396589999999993],[167.82706,-15.397670000000007],[167.840195,-15.395349000000005],[167.84174000000002,-15.392370000000001],[167.83908,-15.386000000000001],[167.82938,-15.382940000000001],[167.82157,-15.386740000000001],[167.82045,-15.38972]]]}"
LE70810712013101EDC01,4.65,"{cloud_count=2123.0, shadow_count=0.0, water_count=0.0, snow_count=0.0, lake_SR={blue=null, green=null, red=null, nir=null, swir1=null, swir2=null}}",0.245,2013-04-11T22:45:30,101.94826989583333,38.8886604309082,"{swir1=null, swir2=null}","{bkgd_rad={tir1=5.759072208528502, tir2=5.754342816524737}, lake_rad={tir1=null, tir2=null}}","{pixel_counts={valid={blue=2226, green=2219, red=2209, nir=2202}, cloud=0.0, lake=0.0}, mean_radiance={blue=null, green=null, red=null, nir=null}}","{""geodesic"":true,""type"":""Polygon"",""coordinates"":[[[167.82045,-15.38972],[167.82389,-15.396589999999993],[167.82706,-15.397670000000007],[167.840195,-15.395349000000005],[167.84174000000002,-15.392370000000001],[167.83908,-15.386000000000001],[167.82938,-15.382940000000001],[167.82157,-15.386740000000001],[167.82045,-15.38972]]]}"
LE70810712013133EDC00,3.769999694824219,"{cloud_count=null, shadow_count=null, water_count=null, snow_count=null, lake_SR=null}",0.251,2013-05-13T22:45:21,133.94816930555555,45.01530838012695,"{swir1=3.8069288282202494, swir2=1.0483368562055815}","{bkgd_rad={tir1=7.941638727859434, tir2=7.941073046954769}, lake_rad={tir1=8.81223230391464, tir2=8.813766423393698}}","{pixel_counts={valid={blue=2003, green=1993, red=1982, nir=1971}, cloud=0.0, lake=363.0}, mean_radiance={blue=109.11047210470278, green=83.68434855812474, red=51.29963289227402, nir=23.002838893243442}}","{""geodesic"":true,""type"":""Polygon"",""coordinates"":[[[167.82045,-15.38972],[167.82389,-15.396589999999993],[167.82706,-15.397670000000007],[167.840195,-15.395349000000005],[167.84174000000002,-15.392370000000001],[167.83908,-15.386000000000001],[167.82938,-15.382940000000001],[167.82157,-15.386740000000001],[167.82045,-15.38972]]]}"
LE70810712013213EDC00,3.5600006103515627,"{cloud_count=600.0, shadow_count=267.0, water_count=1077.0, snow_count=0.0, lake_SR={blue=0.35757418755803216, green=0.3425045496750229, red=0.20812293407613744, nir=0.056820984215413324, swir1=0.009272609099350071, swir2=0.007936675951717846}}",0.24,2013-08-01T22:44:44,213.94773773148148,46.13774871826172,"{swir1=0.9738582404968297, swir2=0.25350353542414067}","{bkgd_rad={tir1=8.1584876027991, tir2=8.160194317951113}, lake_rad={tir1=8.852294827875909, tir2=8.853377103061879}}","{pixel_counts={valid={blue=2183, green=2171, red=2164, nir=2152}, cloud=0.0, lake=1743.0}, mean_radiance={blue=140.5806262231716, green=115.75132717866252, red=62.67382035561133, nir=15.11024814569143}}","{""geodesic"":true,""type"":""Polygon"",""coordinates"":[[[167.82045,-15.38972],[167.82389,-15.396589999999993],[167.82706,-15.397670000000007],[167.840195,-15.395349000000005],[167.84174000000002,-15.392370000000001],[167.83908,-15.386000000000001],[167.82938,-15.382940000000001],[167.82157,-15.386740000000001],[167.82045,-15.38972]]]}"
LE70810712013229EDC00,3.6,"{cloud_count=1826.0, shadow_count=0.0, water_count=0.0, snow_count=0.0, lake_SR={blue=null, green=null, red=null, nir=null, swir1=null, swir2=null}}",0.247,2013-08-17T22:44:48,229.9477813425926,42.50713348388672,"{swir1=null, swir2=null}","{bkgd_rad={tir1=7.171238011158152, tir2=7.171720757663767}, lake_rad={tir1=null, tir2=null}}","{pixel_counts={valid={blue=1961, green=1949, red=1940, nir=1926}, cloud=0.0, lake=0.0}, mean_radiance={blue=null, green=null, red=null, nir=null}}","{""geodesic"":true,""type"":""Polygon"",""coordinates"":[[[167.82045,-15.38972],[167.82389,-15.396589999999993],[167.82706,-15.397670000000007],[167.840195,-15.395349000000005],[167.84174000000002,-15.392370000000001],[167.83908,-15.386000000000001],[167.82938,-15.382940000000001],[167.82157,-15.386740000000001],[167.82045,-15.38972]]]}"
LE70810712013277EDC00,4.510000610351563,"{cloud_count=2115.0, shadow_count=0.0, water_count=0.0, snow_count=0.0, lake_SR={blue=null, green=null, red=null, nir=null, swir1=null, swir2=null}}",0.248,2013-10-04T22:45:21,277.94816616898146,29.16545867919922,"{swir1=9.007480144500732, swir2=2.509617601122175}","{bkgd_rad={tir1=7.422477916706436, tir2=7.422743855743028}, lake_rad={tir1=7.753296307155064, tir2=7.760235922677176}}","{pixel_counts={valid={blue=2237, green=2228, red=2218, nir=2210}, cloud=0.0, lake=7.0}, mean_radiance={blue=114.83847481863839, green=88.31709834507534, red=61.25050299508231, nir=40.318224225725444}}","{""geodesic"":true,""type"":""Polygon"",""coordinates"":[[[167.82045,-15.38972],[167.82389,-15.396589999999993],[167.82706,-15.397670000000007],[167.840195,-15.395349000000005],[167.84174000000002,-15.392370000000001],[167.83908,-15.386000000000001],[167.82938,-15.382940000000001],[167.82157,-15.386740000000001],[167.82045,-15.38972]]]}"
LE70810712013309ASN00,4.430000305175781,"{cloud_count=1618.0, shadow_count=260.0, water_count=32.0, snow_count=0.0, lake_SR={blue=0.229140625, green=0.20976875000000006, red=0.1498875, nir=0.07031250000000001, swir1=0.03938124999999999, swir2=0.03160625}}",0.251,2013-11-05T22:45:37,309.9483481712963,25.1131591796875,"{swir1=4.706951193383273, swir2=1.3077863498909637}","{bkgd_rad={tir1=7.557581688956228, tir2=7.561181353822944}, lake_rad={tir1=8.157565925134984, tir2=8.163451337905505}}","{pixel_counts={valid={blue=2057, green=2046, red=2036, nir=2028}, cloud=0.0, lake=1157.0}, mean_radiance={blue=143.24002816574946, green=111.40139321576713, red=71.22424166878463, nir=30.07281797629872}}","{""geodesic"":true,""type"":""Polygon"",""coordinates"":[[[167.82045,-15.38972],[167.82389,-15.396589999999993],[167.82706,-15.397670000000007],[167.840195,-15.395349000000005],[167.84174000000002,-15.392370000000001],[167.83908,-15.386000000000001],[167.82938,-15.382940000000001],[167.82157,-15.386740000000001],[167.82045,-15.38972]]]}"
LE70810712015091EDC00,4.05999984741211,"{cloud_count=1945.0, shadow_count=0.0, water_count=0.0, snow_count=0.0, lake_SR={blue=null, green=null, red=null, nir=null, swir1=null, swir2=null}}",0.247,2015-04-01T22:48:34,91.9503940625,36.484893798828125,"{swir1=8.757135856983274, swir2=1.7239082039788711}","{bkgd_rad={tir1=7.658407996120325, tir2=7.657357881046173}, lake_rad={tir1=7.796869183695594, tir2=7.795648341955141}}","{pixel_counts={valid={blue=2091, green=2080, red=2073, nir=2064}, cloud=0.0, lake=87.0}, mean_radiance={blue=168.77205267617867, green=143.88012730798056, red=109.54327507906181, nir=61.85999976756961}}","{""geodesic"":true,""type"":""Polygon"",""coordinates"":[[[167.82045,-15.38972],[167.82389,-15.396589999999993],[167.82706,-15.397670000000007],[167.840195,-15.395349000000005],[167.84174000000002,-15.392370000000001],[167.83908,-15.386000000000001],[167.82938,-15.382940000000001],[167.82157,-15.386740000000001],[167.82045,-15.38972]]]}"
LE70820702003081EDC00,3.8100006103515627,"{cloud_count=39.0, shadow_count=15.0, water_count=194.0, snow_count=0.0, lake_SR={blue=1.6276685567010314, green=0.40137835051546406, red=0.24892628865979366, nir=0.07711958762886603, swir1=0.014790206185567012, swir2=0.010505154639175252}}",0.248,2003-03-22T22:43:55,81.94717222222222,36.59727478027344,"{swir1=1.3857329622107117, swir2=0.2967475445728173}","{bkgd_rad={tir1=8.283767213728684, tir2=8.284190779224472}, lake_rad={tir1=8.513884538994695, tir2=8.508875918567629}}","{pixel_counts={valid={blue=352, green=1342, red=2288, nir=2497}, cloud=0.0, lake=1088.0}, mean_radiance={blue=177.10421955080355, green=174.49603011308096, red=93.93606800258904, nir=20.974962040280975}}","{""geodesic"":true,""type"":""Polygon"",""coordinates"":[[[167.82045,-15.38972],[167.82389,-15.396589999999993],[167.82706,-15.397670000000007],[167.840195,-15.395349000000005],[167.84174000000002,-15.392370000000001],[167.83908,-15.386000000000001],[167.82938,-15.382940000000001],[167.82157,-15.386740000000001],[167.82045,-15.38972]]]}"
LE70820702006105EDC00,3.5,"{cloud_count=null, shadow_count=null, water_count=null, snow_count=null, lake_SR=null}",0.242,2006-04-15T22:45:16,105.94810848379629,39.76157760620117,"{swir1=2.280424271222841, swir2=0.6873944603254141}","{bkgd_rad={tir1=8.05307754107884, tir2=8.055216258593967}, lake_rad={tir1=8.377484879963138, tir2=8.378781506434624}}","{pixel_counts={valid={blue=73, green=823, red=1582, nir=1786}, cloud=0.0, lake=227.0}, mean_radiance={blue=46.287088775634764, green=27.712827254314814, red=16.71981282136878, nir=10.210847326687404}}","{""geodesic"":true,""type"":""Polygon"",""coordinates"":[[[167.82045,-15.38972],[167.82389,-15.396589999999993],[167.82706,-15.397670000000007],[167.840195,-15.395349000000005],[167.84174000000002,-15.392370000000001],[167.83908,-15.386000000000001],[167.82938,-15.382940000000001],[167.82157,-15.386740000000001],[167.82045,-15.38972]]]}"
LE70820702007140EDC00,3.3800003051757814,"{cloud_count=null, shadow_count=null, water_count=null, snow_count=null, lake_SR=null}",0.261,2007-05-20T22:45:35,140.94833144675925,45.87447738647461,"{swir1=null, swir2=null}","{bkgd_rad={tir1=7.512258446344766, tir2=7.514147798220317}, lake_rad={tir1=null, tir2=null}}","{pixel_counts={valid={blue=327, green=323, red=319, nir=315}, cloud=0.0, lake=8.0}, mean_radiance={blue=null, green=null, red=null, nir=null}}","{""geodesic"":true,""type"":""Polygon"",""coordinates"":[[[167.82045,-15.38972],[167.82389,-15.396589999999993],[167.82706,-15.397670000000007],[167.840195,-15.395349000000005],[167.84174000000002,-15.392370000000001],[167.83908,-15.386000000000001],[167.82938,-15.382940000000001],[167.82157,-15.386740000000001],[167.82045,-15.38972]]]}"
LE70820702010132EDC00,4.969999694824219,"{cloud_count=null, shadow_count=null, water_count=null, snow_count=null, lake_SR=null}",0.246,2010-05-12T22:47:24,132.94958533564815,44.18901062011719,"{swir1=3.039055109024048, swir2=0.7474409580230713}","{bkgd_rad={tir1=6.924215327154608, tir2=6.9252748548706435}, lake_rad={tir1=7.540535640716553, tir2=7.508307075500488}}","{pixel_counts={valid={blue=694, green=694, red=697, nir=697}, cloud=0.0, lake=8.0}, mean_radiance={blue=67.78031921386719, green=48.39897537231445, red=33.666848754882814, nir=22.04015769958496}}","{""geodesic"":true,""type"":""Polygon"",""coordinates"":[[[167.82045,-15.38972],[167.82389,-15.396589999999993],[167.82706,-15.397670000000007],[167.840195,-15.395349000000005],[167.84174000000002,-15.392370000000001],[167.83908,-15.386000000000001],[167.82938,-15.382940000000001],[167.82157,-15.386740000000001],[167.82045,-15.38972]]]}"
LE70820702012010ASN00,3.35,"{cloud_count=null, shadow_count=null, water_count=null, snow_count=null, lake_SR=null}",0.265,2012-01-10T22:49:18,10.950903541666667,31.625263214111328,"{swir1=4.847986490830131, swir2=1.42499147825267}","{bkgd_rad={tir1=7.693433200067549, tir2=7.691165461469052}, lake_rad={tir1=9.16971978933915, tir2=9.172975716383561}}","{pixel_counts={valid={blue=481, green=816, red=899, nir=900}, cloud=0.0, lake=233.0}, mean_radiance={blue=123.57583522796631, green=93.94753669158757, red=70.12555529499612, nir=32.20354662443462}}","{""geodesic"":true,""type"":""Polygon"",""coordinates"":[[[167.82045,-15.38972],[167.82389,-15.396589999999993],[167.82706,-15.397670000000007],[167.840195,-15.395349000000005],[167.84174000000002,-15.392370000000001],[167.83908,-15.386000000000001],[167.82938,-15.382940000000001],[167.82157,-15.386740000000001],[167.82045,-15.38972]]]}"
LE70820702013124EDC00,4.530000305175781,"{cloud_count=108.0, shadow_count=0.0, water_count=0.0, snow_count=0.0, lake_SR={blue=null, green=null, red=null, nir=null, swir1=null, swir2=null}}",0.255,2013-05-04T22:51:10,124.95220194444444,42.131103515625,"{swir1=null, swir2=null}","{bkgd_rad={tir1=6.20850273959608, tir2=6.2024659662361605}, lake_rad={tir1=null, tir2=null}}","{pixel_counts={valid={blue=205, green=202, red=199, nir=196}, cloud=0.0, lake=0.0}, mean_radiance={blue=null, green=null, red=null, nir=null}}","{""geodesic"":true,""type"":""Polygon"",""coordinates"":[[[167.82045,-15.38972],[167.82389,-15.396589999999993],[167.82706,-15.397670000000007],[167.840195,-15.395349000000005],[167.84174000000002,-15.392370000000001],[167.83908,-15.386000000000001],[167.82938,-15.382940000000001],[167.82157,-15.386740000000001],[167.82045,-15.38972]]]}"
LE70820702013140EDC00,3.9100006103515623,"{cloud_count=78.0, shadow_count=0.0, water_count=0.0, snow_count=0.0, lake_SR={blue=null, green=null, red=null, nir=null, swir1=null, swir2=null}}",0.253,2013-05-20T22:51:07,140.9521710300926,44.987308502197266,"{swir1=null, swir2=null}","{bkgd_rad={tir1=7.778912822776865, tir2=7.777397721727318}, lake_rad={tir1=null, tir2=null}}","{pixel_counts={valid={blue=168, green=165, red=161, nir=158}, cloud=0.0, lake=0.0}, mean_radiance={blue=null, green=null, red=null, nir=null}}","{""geodesic"":true,""type"":""Polygon"",""coordinates"":[[[167.82045,-15.38972],[167.82389,-15.396589999999993],[167.82706,-15.397670000000007],[167.840195,-15.395349000000005],[167.84174000000002,-15.392370000000001],[167.83908,-15.386000000000001],[167.82938,-15.382940000000001],[167.82157,-15.386740000000001],[167.82045,-15.38972]]]}"
LE70820702013156EDC00,4.65,"{cloud_count=0.0, shadow_count=0.0, water_count=0.0, snow_count=0.0, lake_SR={blue=null, green=null, red=null, nir=null, swir1=null, swir2=null}}",0.242,2013-06-05T22:50:57,156.9520534837963,47.173988342285156,"{swir1=null, swir2=null}","{bkgd_rad={tir1=7.501894697546959, tir2=7.5054677662096525}, lake_rad={tir1=null, tir2=null}}","{pixel_counts={valid={blue=13, green=11, red=11, nir=11}, cloud=0.0, lake=0.0}, mean_radiance={blue=null, green=null, red=null, nir=null}}","{""geodesic"":true,""type"":""Polygon"",""coordinates"":[[[167.82045,-15.38972],[167.82389,-15.396589999999993],[167.82706,-15.397670000000007],[167.840195,-15.395349000000005],[167.84174000000002,-15.392370000000001],[167.83908,-15.386000000000001],[167.82938,-15.382940000000001],[167.82157,-15.386740000000001],[167.82045,-15.38972]]]}"
LE70820712001091EDC01,4.369999694824219,"{cloud_count=245.0, shadow_count=0.0, water_count=0.0, snow_count=0.0, lake_SR={blue=null, green=null, red=null, nir=null, swir1=null, swir2=null}}",0.251,2001-04-01T22:45:46,91.9484553125,38.416046142578125,"{swir1=6.321345792934958, swir2=1.7923407265834048}","{bkgd_rad={tir1=7.816648786360636, tir2=7.821978363581273}, lake_rad={tir1=8.41818311467635, tir2=8.422571622164904}}","{pixel_counts={valid={blue=243, green=1492, red=2612, nir=2945}, cloud=0.0, lake=452.0}, mean_radiance={blue=128.92834937054178, green=92.66237979652607, red=55.60296603430689, nir=31.934650106767638}}","{""geodesic"":true,""type"":""Polygon"",""coordinates"":[[[167.82045,-15.38972],[167.82389,-15.396589999999993],[167.82706,-15.397670000000007],[167.840195,-15.395349000000005],[167.84174000000002,-15.392370000000001],[167.83908,-15.386000000000001],[167.82938,-15.382940000000001],[167.82157,-15.386740000000001],[167.82045,-15.38972]]]}"
LE70820712003081EDC00,3.8100006103515627,"{cloud_count=38.0, shadow_count=26.0, water_count=192.0, snow_count=0.0, lake_SR={blue=1.641297395833333, green=0.4065828125, red=0.25213906250000007, nir=0.07803958333333329, swir1=0.015046354166666642, swir2=0.010700520833333338}}",0.248,2003-03-22T22:44:19,81.94744917824075,37.34946823120117,"{swir1=1.412084765367734, swir2=0.30547766555081096}","{bkgd_rad={tir1=8.331261808459953, tir2=8.332600640683467}, lake_rad={tir1=8.499536086295358, tir2=8.497690585775112}}","{pixel_counts={valid={blue=385, green=1670, red=2735, nir=2945}, cloud=0.0, lake=1308.0}, mean_radiance={blue=176.5454134033759, green=174.04146237621248, red=93.62143339804553, nir=21.55254840923741}}","{""geodesic"":true,""type"":""Polygon"",""coordinates"":[[[167.82045,-15.38972],[167.82389,-15.396589999999993],[167.82706,-15.397670000000007],[167.840195,-15.395349000000005],[167.84174000000002,-15.392370000000001],[167.83908,-15.386000000000001],[167.82938,-15.382940000000001],[167.82157,-15.386740000000001],[167.82045,-15.38972]]]}"
LE70820712007124EDC00,4.560000610351563,"{cloud_count=179.0, shadow_count=0.0, water_count=0.0, snow_count=0.0, lake_SR={blue=null, green=null, red=null, nir=null, swir1=null, swir2=null}}",0.238,2007-05-04T22:46:06,124.94868238425926,44.25084686279297,"{swir1=5.0815951857118975, swir2=1.451015829546017}","{bkgd_rad={tir1=7.864264626871839, tir2=7.859882950227281}, lake_rad={tir1=8.396946538219137, tir2=8.397766771896109}}","{pixel_counts={valid={blue=187, green=452, red=993, nir=1464}, cloud=0.0, lake=186.0}, mean_radiance={blue=94.8840560036144, green=66.69627069390339, red=44.41807609019072, nir=25.24830184812131}}","{""geodesic"":true,""type"":""Polygon"",""coordinates"":[[[167.82045,-15.38972],[167.82389,-15.396589999999993],[167.82706,-15.397670000000007],[167.840195,-15.395349000000005],[167.84174000000002,-15.392370000000001],[167.83908,-15.386000000000001],[167.82938,-15.382940000000001],[167.82157,-15.386740000000001],[167.82045,-15.38972]]]}"
LE70820712008111EDC00,4.660000610351562,"{cloud_count=0.0, shadow_count=0.0, water_count=0.0, snow_count=0.0, lake_SR={blue=null, green=null, red=null, nir=null, swir1=null, swir2=null}}",0.247,2008-04-20T22:45:46,111.9484578587963,41.840972900390625,"{swir1=null, swir2=null}","{bkgd_rad={tir1=7.459021957971716, tir2=7.456860509482763}, lake_rad={tir1=null, tir2=null}}","{pixel_counts={valid={blue=0, green=183, red=632, nir=1284}, cloud=0.0, lake=0.0}, mean_radiance={blue=null, green=null, red=null, nir=null}}","{""geodesic"":true,""type"":""Polygon"",""coordinates"":[[[167.82045,-15.38972],[167.82389,-15.396589999999993],[167.82706,-15.397670000000007],[167.840195,-15.395349000000005],[167.84174000000002,-15.392370000000001],[167.83908,-15.386000000000001],[167.82938,-15.382940000000001],[167.82157,-15.386740000000001],[167.82045,-15.38972]]]}"
LE70820712008351EDC00,4.3,"{cloud_count=128.0, shadow_count=0.0, water_count=0.0, snow_count=0.0, lake_SR={blue=null, green=null, red=null, nir=null, swir1=null, swir2=null}}",0.26,2008-12-16T22:45:10,351.9480393287037,30.119060516357422,"{swir1=4.339419457801553, swir2=1.1215917675994163}","{bkgd_rad={tir1=8.01650499724031, tir2=8.019055649996623}, lake_rad={tir1=8.75090326819309, tir2=8.748262388761653}}","{pixel_counts={valid={blue=133, green=385, red=816, nir=1314}, cloud=0.0, lake=94.0}, mean_radiance={blue=null, green=65.36202747219211, red=39.75214597913954, nir=20.86848735809326}}","{""geodesic"":true,""type"":""Polygon"",""coordinates"":[[[167.82045,-15.38972],[167.82389,-15.396589999999993],[167.82706,-15.397670000000007],[167.840195,-15.395349000000005],[167.84174000000002,-15.392370000000001],[167.83908,-15.386000000000001],[167.82938,-15.382940000000001],[167.82157,-15.386740000000001],[167.82045,-15.38972]]]}"
LE70820712011087EDC00,3.8,"{cloud_count=361.0, shadow_count=329.0, water_count=819.0, snow_count=0.0, lake_SR={blue=0.1962087912087915, green=0.19060879120879104, red=0.1458691086691087, nir=0.07232368742368726, swir1=0.016351037851037826, swir2=0.01283443223443218}}",0.255,2011-03-28T22:49:15,87.95087795138889,37.02822494506836,"{swir1=1.4149835682851224, swir2=0.31601062476969793}","{bkgd_rad={tir1=8.225692884927886, tir2=8.22869348760319}, lake_rad={tir1=8.84318054372614, tir2=8.846785159938591}}","{pixel_counts={valid={blue=1851, green=1859, red=1868, nir=1877}, cloud=0.0, lake=1287.0}, mean_radiance={blue=110.22382251112303, green=87.63908749866032, red=57.91655751604664, nir=21.796683240428024}}","{""geodesic"":true,""type"":""Polygon"",""coordinates"":[[[167.82045,-15.38972],[167.82389,-15.396589999999993],[167.82706,-15.397670000000007],[167.840195,-15.395349000000005],[167.84174000000002,-15.392370000000001],[167.83908,-15.386000000000001],[167.82938,-15.382940000000001],[167.82157,-15.386740000000001],[167.82045,-15.38972]]]}"
LE70820712011103EDC00,4.15,"{cloud_count=1438.0, shadow_count=56.0, water_count=0.0, snow_count=0.0, lake_SR={blue=null, green=null, red=null, nir=null, swir1=null, swir2=null}}",0.237,2011-04-13T22:49:16,103.95089075231482,39.630802154541016,"{swir1=3.5043203286880993, swir2=0.9358483511601051}","{bkgd_rad={tir1=7.211836286953518, tir2=7.209141084126064}, lake_rad={tir1=7.786209936559636, tir2=7.785957298139586}}","{pixel_counts={valid={blue=1528, green=1540, red=1551, nir=1559}, cloud=0.0, lake=287.0}, mean_radiance={blue=79.81463376453945, green=58.96385363921576, red=43.01333223118901, nir=24.092572269914836}}","{""geodesic"":true,""type"":""Polygon"",""coordinates"":[[[167.82045,-15.38972],[167.82389,-15.396589999999993],[167.82706,-15.397670000000007],[167.840195,-15.395349000000005],[167.84174000000002,-15.392370000000001],[167.83908,-15.386000000000001],[167.82938,-15.382940000000001],[167.82157,-15.386740000000001],[167.82045,-15.38972]]]}"
LE70820712011119EDC00,4.35,"{cloud_count=1499.0, shadow_count=0.0, water_count=0.0, snow_count=0.0, lake_SR={blue=null, green=null, red=null, nir=null, swir1=null, swir2=null}}",0.249,2011-04-29T22:49:17,119.95089302083333,42.64878845214844,"{swir1=null, swir2=null}","{bkgd_rad={tir1=5.739627464703936, tir2=5.743202857050497}, lake_rad={tir1=null, tir2=null}}","{pixel_counts={valid={blue=1533, green=1545, red=1554, nir=1568}, cloud=0.0, lake=0.0}, mean_radiance={blue=null, green=null, red=null, nir=null}}","{""geodesic"":true,""type"":""Polygon"",""coordinates"":[[[167.82045,-15.38972],[167.82389,-15.396589999999993],[167.82706,-15.397670000000007],[167.840195,-15.395349000000005],[167.84174000000002,-15.392370000000001],[167.83908,-15.386000000000001],[167.82938,-15.382940000000001],[167.82157,-15.386740000000001],[167.82045,-15.38972]]]}"
LE70820712012010ASN00,3.35,"{cloud_count=556.0, shadow_count=1.0, water_count=2.0, snow_count=0.0, lake_SR={blue=0.11755, green=0.1044, red=0.08785000000000001, nir=0.0537, swir1=0.0249, swir2=0.022850000000000002}}",0.265,2012-01-10T22:49:41,10.951180532407408,31.40435028076172,"{swir1=5.700756928376984, swir2=1.65215589785785}","{bkgd_rad={tir1=7.6646042088122535, tir2=7.666638943520765}, lake_rad={tir1=9.046395050851922, tir2=9.043262837225932}}","{pixel_counts={valid={blue=585, green=1132, red=1404, nir=1619}, cloud=0.0, lake=266.0}, mean_radiance={blue=124.55534394582112, green=99.82072389693488, red=74.49024344247485, nir=35.76409327794635}}","{""geodesic"":true,""type"":""Polygon"",""coordinates"":[[[167.82045,-15.38972],[167.82389,-15.396589999999993],[167.82706,-15.397670000000007],[167.840195,-15.395349000000005],[167.84174000000002,-15.392370000000001],[167.83908,-15.386000000000001],[167.82938,-15.382940000000001],[167.82157,-15.386740000000001],[167.82045,-15.38972]]]}"
LE70820712012074EDC00,3.7,"{cloud_count=1232.0, shadow_count=134.0, water_count=0.0, snow_count=0.0, lake_SR={blue=null, green=null, red=null, nir=null, swir1=null, swir2=null}}",0.246,2012-03-14T22:49:46,74.95123746527777,35.28746032714844,"{swir1=4.302350446921301, swir2=1.1204157185573234}","{bkgd_rad={tir1=6.717919201620163, tir2=6.715879643048864}, lake_rad={tir1=7.46242440973598, tir2=7.457062062370618}}","{pixel_counts={valid={blue=1720, green=1732, red=1743, nir=1754}, cloud=0.0, lake=1380.0}, mean_radiance={blue=150.95743456107303, green=119.99228769256955, red=76.80016734202702, nir=35.95064324282465}}","{""geodesic"":true,""type"":""Polygon"",""coordinates"":[[[167.82045,-15.38972],[167.82389,-15.396589999999993],[167.82706,-15.397670000000007],[167.840195,-15.395349000000005],[167.84174000000002,-15.392370000000001],[167.83908,-15.386000000000001],[167.82938,-15.382940000000001],[167.82157,-15.386740000000001],[167.82045,-15.38972]]]}"
LE70820712013108ASN00,4.830000305175782,"{cloud_count=0.0, shadow_count=0.0, water_count=1366.0, snow_count=0.0, lake_SR={blue=0.2611467057101019, green=0.23167408491947306, red=0.13253535871156608, nir=0.037433382137628084, swir1=0.011505710102488994, swir2=0.008909443631039474}}",0.233,2013-04-18T22:51:37,108.95251793981481,40.20103454589844,"{swir1=0.8125913792698667, swir2=0.1892851721111184}","{bkgd_rad={tir1=8.35157286428636, tir2=8.353745367120489}, lake_rad={tir1=9.16366385904754, tir2=9.170876034876196}}","{pixel_counts={valid={blue=1724, green=1732, red=1740, nir=1749}, cloud=0.0, lake=1401.0}, mean_radiance={blue=133.50667212597193, green=100.80557759556457, red=50.49142480140185, nir=10.847319245512468}}","{""geodesic"":true,""type"":""Polygon"",""coordinates"":[[[167.82045,-15.38972],[167.82389,-15.396589999999993],[167.82706,-15.397670000000007],[167.840195,-15.395349000000005],[167.84174000000002,-15.392370000000001],[167.83908,-15.386000000000001],[167.82938,-15.382940000000001],[167.82157,-15.386740000000001],[167.82045,-15.38972]]]}"
LE70820712013268EDC00,3.1800003051757812,"{cloud_count=1690.0, shadow_count=0.0, water_count=0.0, snow_count=0.0, lake_SR={blue=null, green=null, red=null, nir=null, swir1=null, swir2=null}}",0.268,2013-09-25T22:51:24,268.95236697916664,31.42217254638672,"{swir1=4.880985985808636, swir2=1.3305074939176664}","{bkgd_rad={tir1=5.5719667278174905, tir2=5.575856898352341}, lake_rad={tir1=7.009911000429087, tir2=7.010661022147941}}","{pixel_counts={valid={blue=1732, green=1742, red=1753, nir=1761}, cloud=0.0, lake=1086.0}, mean_radiance={blue=144.98926945546228, green=116.40025057214679, red=80.80702356497447, nir=47.11231137405742}}","{""geodesic"":true,""type"":""Polygon"",""coordinates"":[[[167.82045,-15.38972],[167.82389,-15.396589999999993],[167.82706,-15.397670000000007],[167.840195,-15.395349000000005],[167.84174000000002,-15.392370000000001],[167.83908,-15.386000000000001],[167.82938,-15.382940000000001],[167.82157,-15.386740000000001],[167.82045,-15.38972]]]}"
LE70820712013284EDC00,2.4600006103515626,"{cloud_count=109.0, shadow_count=74.0, water_count=1042.0, snow_count=0.0, lake_SR={blue=0.23088166986564299, green=0.21609337811900195, red=0.14862312859884869, nir=0.07724760076775428, swir1=0.04961583493282139, swir2=0.04535297504798448}}",0.267,2013-10-11T22:51:38,284.9525277546296,27.683731079101562,"{swir1=3.3774141642761384, swir2=0.9884770071759784}","{bkgd_rad={tir1=8.6821347331673, tir2=8.680235410005835}, lake_rad={tir1=9.251452405079666, tir2=9.248560161605726}}","{pixel_counts={valid={blue=1506, green=1716, red=1725, nir=1733}, cloud=0.0, lake=1345.0}, mean_radiance={blue=144.52927097403625, green=114.01997453232681, red=66.93405776513393, nir=24.047291446004078}}","{""geodesic"":true,""type"":""Polygon"",""coordinates"":[[[167.82045,-15.38972],[167.82389,-15.396589999999993],[167.82706,-15.397670000000007],[167.840195,-15.395349000000005],[167.84174000000002,-15.392370000000001],[167.83908,-15.386000000000001],[167.82938,-15.382940000000001],[167.82157,-15.386740000000001],[167.82045,-15.38972]]]}"
LE70820712013300ASN00,3.3699996948242186,"{cloud_count=1678.0, shadow_count=0.0, water_count=0.0, snow_count=0.0, lake_SR={blue=null, green=null, red=null, nir=null, swir1=null, swir2=null}}",0.268,2013-10-27T22:51:44,300.95259599537036,25.50389862060547,"{swir1=10.812250469507797, swir2=3.0725361115477057}","{bkgd_rad={tir1=7.935842250933689, tir2=7.938268336363598}, lake_rad={tir1=8.302157284168715, tir2=8.306661557615474}}","{pixel_counts={valid={blue=1721, green=1728, red=1738, nir=1750}, cloud=0.0, lake=98.0}, mean_radiance={blue=163.79488316586142, green=132.2076914737099, red=89.49133517616673, nir=52.94524823238975}}","{""geodesic"":true,""type"":""Polygon"",""coordinates"":[[[167.82045,-15.38972],[167.82389,-15.396589999999993],[167.82706,-15.397670000000007],[167.840195,-15.395349000000005],[167.84174000000002,-15.392370000000001],[167.83908,-15.386000000000001],[167.82938,-15.382940000000001],[167.82157,-15.386740000000001],[167.82045,-15.38972]]]}"
