system:index,H2O,LEDAPS,O3,bkgd_BT,bkgd_TIR,cloud_count,date,doy,lake_BT,lake_TIR,lake_count,lake_mean_rad,solar_z,valid_count,.geo
LE70810711999255EDC00,3.8699996948242186,"{shadow_count=0.0, cloud_count=0.0, water_count=2125.0, snow_count=0.0, lake_SR={blue=0.1695887999999999, green=0.1323628235294117, red=0.04212447058823525, nir=0.012747388235294265, swir1=0.002663905882352959, swir2=0.0017715294117646868}}",0.266,19.102297585504015,8.353036368521224,744.0,1999-09-12T22:42:20,255.94607136574075,22.62376219297325,8.807274990570294,2109.0,"{blue=102.9513825928221, green=68.5533770486437, red=23.12120165085555, nir=5.888526775730679, swir1=0.246943444310347, swir2=0.045182781879542395, tir1=8.804951174404595, tir2=8.801471975804676}",35.86871337890625,"{blue=2952, green=2952, red=2952, nir=2952, swir1=2952, swir2=2952, tir1=2952, tir2=2952}","{""geodesic"":true,""type"":""Polygon"",""coordinates"":[[[167.82157,-15.38674],[167.82045,-15.38972],[167.82389,-15.39659],[167.82706,-15.39767],[167.840195,-15.395349],[167.84174,-15.39237],[167.83908,-15.386],[167.82938,-15.38294],[167.82157,-15.38674]]]}"
LE70810712000098EDC00,3.3199996948242188,"{shadow_count=70.0, cloud_count=2882.0, water_count=0.0, snow_count=0.0, lake_SR={blue=null, green=null, red=null, nir=null, swir1=null, swir2=null}}",0.256,16.6158447265625,8.050393760204315,2575.0,2000-04-07T22:41:54,98.94576414351852,20.420655478200604,8.532768160513331,310.0,"{blue=114.68057048705316, green=76.33702214033373, red=34.114040728538264, nir=13.522900723641918, swir1=1.688089067705216, swir2=0.4257136974603899, tir1=8.532768160513331, tir2=8.537677742721092}",38.946937561035156,"{blue=2952, green=2952, red=2952, nir=2952, swir1=2952, swir2=2952, tir1=2952, tir2=2952}","{""geodesic"":true,""type"":""Polygon"",""coordinates"":[[[167.82157,-15.38674],[167.82045,-15.38972],[167.82389,-15.39659],[167.82706,-15.39767],[167.840195,-15.395349],[167.84174,-15.39237],[167.83908,-15.386],[167.82938,-15.38294],[167.82157,-15.38674]]]}"
LE70810712001068EDC00,4.319999694824219,"{shadow_count=null, cloud_count=null, water_count=null, snow_count=null, lake_SR=null}",0.251,14.899196014404296,7.828001632578671,1028.0,2001-03-09T22:39:49,68.94431868055555,21.632648327963352,8.678219272337238,1607.0,"{blue=115.58342886594193, green=80.54549578401563, red=35.779622277341126, nir=13.89316429109698, swir1=1.6499231891392474, swir2=0.4194788355670067, tir1=8.678219272337238, tir2=8.681017535302253}",35.67999267578125,"{blue=2952, green=2952, red=2952, nir=2952, swir1=2952, swir2=2952, tir1=2952, tir2=2952}","{""geodesic"":true,""type"":""Polygon"",""coordinates"":[[[167.82157,-15.38674],[167.82045,-15.38972],[167.82389,-15.39659],[167.82706,-15.39767],[167.840195,-15.395349],[167.84174,-15.39237],[167.83908,-15.386],[167.82938,-15.38294],[167.82157,-15.38674]]]}"
LE70810712001116EDC01,3.8100006103515627,"{shadow_count=34.0, cloud_count=1488.0, water_count=1278.0, snow_count=0.0, lake_SR={blue=0.2550788732394367, green=0.19283090766823152, red=0.07425297339593134, nir=0.01946830985915491, swir1=0.010307668231611859, swir2=0.008922926447574293}}",0.2533416666666667,20.319432319389595,8.519410290446256,1290.0,2001-04-26T22:39:33,116.94414108796296,26.007703374161512,9.269248899455471,1556.0,"{blue=123.6874538221825, green=82.60721383299344, red=33.078277956857164, nir=8.933544602982488, swir1=0.8619143262333153, swir2=0.23062803717401922, tir1=9.269248899455471, tir2=9.268865181588039}",42.80478286743164,"{blue=2952, green=2952, red=2952, nir=2952, swir1=2952, swir2=2952, tir1=2952, tir2=2952}","{""geodesic"":true,""type"":""Polygon"",""coordinates"":[[[167.82157,-15.38674],[167.82045,-15.38972],[167.82389,-15.39659],[167.82706,-15.39767],[167.840195,-15.395349],[167.84174,-15.39237],[167.83908,-15.386],[167.82938,-15.38294],[167.82157,-15.38674]]]}"
LE70810712002087EDC00,5.1,"{shadow_count=null, cloud_count=null, water_count=null, snow_count=null, lake_SR=null}",0.247,,,2728.0,2002-03-28T22:38:17,87.94326061342592,14.639425360638162,7.796631348197875,368.0,"{blue=174.26668537246144, green=129.58372066736868, red=65.16745595050895, nir=27.00514155658691, swir1=3.59401388409669, swir2=1.0098724104464054, tir1=7.796631348197875, tir2=7.797007614442998}",38.10096740722656,"{blue=2952, green=2952, red=2952, nir=2952, swir1=2952, swir2=2952, tir1=2952, tir2=2952}","{""geodesic"":true,""type"":""Polygon"",""coordinates"":[[[167.82157,-15.38674],[167.82045,-15.38972],[167.82389,-15.39659],[167.82706,-15.39767],[167.840195,-15.395349],[167.84174,-15.39237],[167.83908,-15.386],[167.82938,-15.38294],[167.82157,-15.38674]]]}"
LE70810712002103EDC00,4.35,"{shadow_count=null, cloud_count=null, water_count=null, snow_count=null, lake_SR=null}",0.245,,,2952.0,2002-04-13T22:38:17,103.94325784722223,,,0.0,"{blue=null, green=null, red=null, nir=null, swir1=null, swir2=null, tir1=null, tir2=null}",40.6168098449707,"{blue=2952, green=2952, red=2952, nir=2952, swir1=2952, swir2=2952, tir1=2952, tir2=2952}","{""geodesic"":true,""type"":""Polygon"",""coordinates"":[[[167.82157,-15.38674],[167.82045,-15.38972],[167.82389,-15.39659],[167.82706,-15.39767],[167.840195,-15.395349],[167.84174,-15.39237],[167.83908,-15.386],[167.82938,-15.38294],[167.82157,-15.38674]]]}"
LE70810712002151EDC00,4.460000610351562,"{shadow_count=null, cloud_count=null, water_count=null, snow_count=null, lake_SR=null}",0.234,18.42324149298231,8.266694720805754,771.0,2002-05-31T22:38:06,151.94312747685186,20.860013532527915,8.577965388410744,2155.0,"{blue=179.40612400468706, green=147.71755505689612, red=79.46122733290953, nir=16.215563314005284, swir1=0.3064259070807986, swir2=0.06314701753605823, tir1=8.577965388410744, tir2=8.578905343891849}",48.91495895385742,"{blue=2952, green=2952, red=2952, nir=2952, swir1=2952, swir2=2952, tir1=2952, tir2=2952}","{""geodesic"":true,""type"":""Polygon"",""coordinates"":[[[167.82157,-15.38674],[167.82045,-15.38972],[167.82389,-15.39659],[167.82706,-15.39767],[167.840195,-15.395349],[167.84174,-15.39237],[167.83908,-15.386],[167.82938,-15.38294],[167.82157,-15.38674]]]}"
LE70810712003042EDC00,3.4,"{shadow_count=0.0, cloud_count=0.0, water_count=2211.0, snow_count=0.0, lake_SR={blue=1.7951599728629581, green=0.41945463591135085, red=0.24391718679330612, nir=0.06708543645409343, swir1=0.0031647218453189625, swir2=0.0019156037991858977}}",0.26,22.67177664404001,8.813937459464814,757.0,2003-02-11T22:38:09,42.94316813657407,23.104324560766823,8.870300980556655,2220.0,"{blue=189.8194236574946, green=180.07095555663108, red=96.8960185665268, nir=19.30736715326438, swir1=0.31178330566969004, swir2=0.05443167455897138, tir1=8.870300980556655, tir2=8.87031835577543}",34.53852081298828,"{blue=2952, green=2952, red=2952, nir=2952, swir1=2952, swir2=2952, tir1=2952, tir2=2952}","{""geodesic"":true,""type"":""Polygon"",""coordinates"":[[[167.82157,-15.38674],[167.82045,-15.38972],[167.82389,-15.39659],[167.82706,-15.39767],[167.840195,-15.395349],[167.84174,-15.39237],[167.83908,-15.386],[167.82938,-15.38294],[167.82157,-15.38674]]]}"
LE70810712003106EDC00,2.9100006103515623,"{shadow_count=null, cloud_count=null, water_count=null, snow_count=null, lake_SR=null}",0.257,18.503916709076073,8.276850454789093,2167.0,2003-04-16T22:38:14,106.94322215277778,20.678342931410846,8.555275879634632,1394.0,"{blue=172.523102969145, green=149.18115260145242, red=81.65467065581291, nir=24.147705514342064, swir1=2.30889614601987, swir2=0.6970877185025636, tir1=8.555275879634632, tir2=8.553530257633504}",41.13810348510742,"{blue=2952, green=2952, red=2952, nir=2952, swir1=2952, swir2=2952, tir1=2952, tir2=2952}","{""geodesic"":true,""type"":""Polygon"",""coordinates"":[[[167.82157,-15.38674],[167.82045,-15.38972],[167.82389,-15.39659],[167.82706,-15.39767],[167.840195,-15.395349],[167.84174,-15.39237],[167.83908,-15.386],[167.82938,-15.38294],[167.82157,-15.38674]]]}"
LE70810712003122EDC00,3.8800003051757814,"{shadow_count=null, cloud_count=null, water_count=null, snow_count=null, lake_SR=null}",0.255,18.056329345703126,8.220346517364185,742.0,2003-05-02T22:38:15,122.94323293981482,19.276163292421472,8.374892922569364,1945.0,"{blue=99.1653463434744, green=67.90699548240185, red=25.316557750849, nir=6.860905714084066, swir1=0.5069232832649986, swir2=0.1244104276471089, tir1=8.374892922569364, tir2=8.373120808143618}",44.10441589355469,"{blue=2952, green=2952, red=2952, nir=2952, swir1=2952, swir2=2952, tir1=2952, tir2=2952}","{""geodesic"":true,""type"":""Polygon"",""coordinates"":[[[167.82157,-15.38674],[167.82045,-15.38972],[167.82389,-15.39659],[167.82706,-15.39767],[167.840195,-15.395349],[167.84174,-15.39237],[167.83908,-15.386],[167.82938,-15.38294],[167.82157,-15.38674]]]}"
LE70810712004109EDC01,2.8100006103515627,"{shadow_count=null, cloud_count=null, water_count=null, snow_count=null, lake_SR=null}",0.253,17.900846568446376,8.201155035070606,356.0,2004-04-18T22:38:36,109.94348230324074,20.17787020729727,8.49012592466431,1495.0,"{blue=110.30369619940436, green=78.20961425260556, red=28.546837692515904, nir=6.536034655012814, swir1=0.31643609290492947, swir2=0.059660936888958106, tir1=8.49012592466431, tir2=8.487114230329901}",41.56430435180664,"{blue=1925, green=1915, red=1903, nir=1895, swir1=1859, swir2=1868, tir1=1835, tir2=1835}","{""geodesic"":true,""type"":""Polygon"",""coordinates"":[[[167.82157,-15.38674],[167.82045,-15.38972],[167.82389,-15.39659],[167.82706,-15.39767],[167.840195,-15.395349],[167.84174,-15.39237],[167.83908,-15.386],[167.82938,-15.38294],[167.82157,-15.38674]]]}"
LE70810712004125EDC02,4.219999694824219,"{shadow_count=null, cloud_count=null, water_count=null, snow_count=null, lake_SR=null}",0.243,19.02213417563169,8.342901848430644,664.0,2004-05-04T22:38:40,125.94351938657407,19.94681607529316,8.46062379587288,1075.0,"{blue=108.05168647899184, green=76.51071281250132, red=29.04290533642436, nir=7.356520880100339, swir1=0.6425604844253335, swir2=0.18063629070680107, tir1=8.46062379587288, tir2=8.4627872910131}",44.5547981262207,"{blue=1958, green=1948, red=1936, nir=1923, swir1=1897, swir2=1910, tir1=1887, tir2=1887}","{""geodesic"":true,""type"":""Polygon"",""coordinates"":[[[167.82157,-15.38674],[167.82045,-15.38972],[167.82389,-15.39659],[167.82706,-15.39767],[167.840195,-15.395349],[167.84174,-15.39237],[167.83908,-15.386],[167.82938,-15.38294],[167.82157,-15.38674]]]}"
LE70810712004141EDC01,2.8199996948242188,"{shadow_count=null, cloud_count=null, water_count=null, snow_count=null, lake_SR=null}",0.258,11.344546220887382,7.399527019402891,841.0,2004-05-20T22:38:40,141.9435216087963,14.010847141819315,7.719598612511402,1083.0,"{blue=127.47150473515413, green=96.15934650257354, red=45.350494038695444, nir=17.407515728792877, swir1=1.9850542526301884, swir2=0.519906892735734, tir1=7.719598612511402, tir2=7.720029818635894}",47.36540603637695,"{blue=2005, green=1990, red=1980, nir=1967, swir1=1945, swir2=1954, tir1=1935, tir2=1935}","{""geodesic"":true,""type"":""Polygon"",""coordinates"":[[[167.82157,-15.38674],[167.82045,-15.38972],[167.82389,-15.39659],[167.82706,-15.39767],[167.840195,-15.395349],[167.84174,-15.39237],[167.83908,-15.386],[167.82938,-15.38294],[167.82157,-15.38674]]]}"
LE70810712005143EDC00,3.9399993896484373,"{shadow_count=null, cloud_count=null, water_count=null, snow_count=null, lake_SR=null}",0.254,-13.310679261113556,4.803779563013936,2195.0,2005-05-23T22:39:04,143.94380765046296,,,0.0,"{blue=null, green=null, red=null, nir=null, swir1=null, swir2=null, tir1=null, tir2=null}",47.73430252075195,"{blue=2218, green=2211, red=2204, nir=2195, swir1=2171, swir2=2179, tir1=2160, tir2=2160}","{""geodesic"":true,""type"":""Polygon"",""coordinates"":[[[167.82157,-15.38674],[167.82045,-15.38972],[167.82389,-15.39659],[167.82706,-15.39767],[167.840195,-15.395349],[167.84174,-15.39237],[167.83908,-15.386],[167.82938,-15.38294],[167.82157,-15.38674]]]}"
LE70810712005335EDC00,3.6399993896484375,"{shadow_count=null, cloud_count=null, water_count=null, snow_count=null, lake_SR=null}",0.276,12.846687886252331,7.578784872013242,2040.0,2005-12-01T22:39:04,335.9438050231482,,,0.0,"{blue=null, green=null, red=null, nir=null, swir1=null, swir2=null, tir1=null, tir2=null}",28.31341552734375,"{blue=2065, green=2057, red=2046, nir=2040, swir1=1994, swir2=2007, tir1=1966, tir2=1966}","{""geodesic"":true,""type"":""Polygon"",""coordinates"":[[[167.82157,-15.38674],[167.82045,-15.38972],[167.82389,-15.39659],[167.82706,-15.39767],[167.840195,-15.395349],[167.84174,-15.39237],[167.83908,-15.386],[167.82938,-15.38294],[167.82157,-15.38674]]]}"
LE70810712005351EDC00,4.510000610351563,"{shadow_count=null, cloud_count=null, water_count=null, snow_count=null, lake_SR=null}",0.256,21.91602917023521,8.71695488348683,437.0,2005-12-17T22:39:06,351.9438268402778,26.208959267356178,9.284177591787143,932.0,"{blue=91.08486739427747, green=72.32223008266078, red=46.6139204727222, nir=11.885478746225905, swir1=0.9069869704919155, swir2=0.2745170217752457, tir1=9.286589316827216, tir2=9.288771668681317}",30.116077423095703,"{blue=1924, green=1912, red=1904, nir=1892, swir1=1856, swir2=1866, tir1=1832, tir2=1832}","{""geodesic"":true,""type"":""Polygon"",""coordinates"":[[[167.82157,-15.38674],[167.82045,-15.38972],[167.82389,-15.39659],[167.82706,-15.39767],[167.840195,-15.395349],[167.84174,-15.39237],[167.83908,-15.386],[167.82938,-15.38294],[167.82157,-15.38674]]]}"
LE70810712006034EDC00,4.410000610351562,"{shadow_count=null, cloud_count=null, water_count=null, snow_count=null, lake_SR=null}",0.241,18.853485706981367,8.32163983680059,135.0,2006-02-03T22:39:30,34.94409920138889,20.53095138407199,8.535674505562426,1340.0,"{blue=83.84212240781358, green=59.361870815415884, red=26.89314706788134, nir=7.746727087604466, swir1=0.6993516170682798, swir2=0.17249218397188623, tir1=8.532936286587876, tir2=8.533882679196587}",33.90874099731445,"{blue=2155, green=2142, red=2135, nir=2125, swir1=2083, swir2=2093, tir1=2041, tir2=2041}","{""geodesic"":true,""type"":""Polygon"",""coordinates"":[[[167.82157,-15.38674],[167.82045,-15.38972],[167.82389,-15.39659],[167.82706,-15.39767],[167.840195,-15.395349],[167.84174,-15.39237],[167.83908,-15.386],[167.82938,-15.38294],[167.82157,-15.38674]]]}"
LE70810712006050EDC00,5.589999389648438,"{shadow_count=null, cloud_count=null, water_count=null, snow_count=null, lake_SR=null}",0.244,2.006238151999081,6.34757762906306,2187.0,2006-02-19T22:39:33,50.94414247685185,,,0.0,"{blue=null, green=null, red=null, nir=null, swir1=null, swir2=null, tir1=null, tir2=null}",34.631046295166016,"{blue=2216, green=2206, red=2195, nir=2187, swir1=2165, swir2=2174, tir1=2157, tir2=2157}","{""geodesic"":true,""type"":""Polygon"",""coordinates"":[[[167.82157,-15.38674],[167.82045,-15.38972],[167.82389,-15.39659],[167.82706,-15.39767],[167.840195,-15.395349],[167.84174,-15.39237],[167.83908,-15.386],[167.82938,-15.38294],[167.82157,-15.38674]]]}"
LE70810712006066EDC00,4.45,"{shadow_count=null, cloud_count=null, water_count=null, snow_count=null, lake_SR=null}",0.247,18.97083369387856,8.336573369612422,447.0,2006-03-07T22:39:35,66.94415925925927,19.877633213011688,8.452081795966576,1026.0,"{blue=92.6347267228028, green=61.43576231163148, red=20.346015194006135, nir=6.866874746063299, swir1=0.7381744702035555, swir2=0.19726307035032173, tir1=8.449329761533528, tir2=8.446661058319812}",35.63423156738281,"{blue=1964, green=1953, red=1941, nir=1928, swir1=1902, swir2=1914, tir1=1893, tir2=1893}","{""geodesic"":true,""type"":""Polygon"",""coordinates"":[[[167.82157,-15.38674],[167.82045,-15.38972],[167.82389,-15.39659],[167.82706,-15.39767],[167.840195,-15.395349],[167.84174,-15.39237],[167.83908,-15.386],[167.82938,-15.38294],[167.82157,-15.38674]]]}"
LE70810712006146EDC00,4.289999389648438,"{shadow_count=null, cloud_count=null, water_count=null, snow_count=null, lake_SR=null}",0.238,14.1407470703125,7.73537835219632,1899.0,2006-05-26T22:39:33,146.94413347222223,,,0.0,"{blue=null, green=null, red=null, nir=null, swir1=null, swir2=null, tir1=null, tir2=null}",48.09379959106445,"{blue=1970, green=1956, red=1945, nir=1931, swir1=1909, swir2=1922, tir1=1898, tir2=1898}","{""geodesic"":true,""type"":""Polygon"",""coordinates"":[[[167.82157,-15.38674],[167.82045,-15.38972],[167.82389,-15.39659],[167.82706,-15.39767],[167.840195,-15.395349],[167.84174,-15.39237],[167.83908,-15.386],[167.82938,-15.38294],[167.82157,-15.38674]]]}"
LE70810712006162EDC00,3.5300003051757813,"{shadow_count=null, cloud_count=null, water_count=null, snow_count=null, lake_SR=null}",0.239,14.062032063802084,7.726141789307197,1925.0,2006-06-11T22:39:30,162.94409953703703,,,1.0,"{blue=41.30315017700195, green=31.943306744098663, red=31.055906295776367, nir=6.415747940540314, swir1=null, swir2=null, tir1=null, tir2=null}",49.91994857788086,"{blue=1994, green=1981, red=1971, nir=1960, swir1=1936, swir2=1947, tir1=1932, tir2=1932}","{""geodesic"":true,""type"":""Polygon"",""coordinates"":[[[167.82157,-15.38674],[167.82045,-15.38972],[167.82389,-15.39659],[167.82706,-15.39767],[167.840195,-15.395349],[167.84174,-15.39237],[167.83908,-15.386],[167.82938,-15.38294],[167.82157,-15.38674]]]}"
LE70810712007149EDC00,3.7399993896484376,"{shadow_count=null, cloud_count=null, water_count=null, snow_count=null, lake_SR=null}",0.256,11.164742606026786,7.379527613520622,1972.0,2007-05-29T22:39:44,149.94426434027778,,,0.0,"{blue=null, green=null, red=null, nir=null, swir1=null, swir2=null, tir1=null, tir2=null}",48.436805725097656,"{blue=2022, green=2011, red=2002, nir=1991, swir1=1974, swir2=1984, tir1=1981, tir2=1981}","{""geodesic"":true,""type"":""Polygon"",""coordinates"":[[[167.82157,-15.38674],[167.82045,-15.38972],[167.82389,-15.39659],[167.82706,-15.39767],[167.840195,-15.395349],[167.84174,-15.39237],[167.83908,-15.386],[167.82938,-15.38294],[167.82157,-15.38674]]]}"
LE70810712008072EDC00,4.25,"{shadow_count=null, cloud_count=null, water_count=null, snow_count=null, lake_SR=null}",0.249,6.0034637451171875,6.781338632727663,2071.0,2008-03-12T22:39:37,72.94418068287037,,,0.0,"{blue=null, green=null, red=null, nir=null, swir1=null, swir2=null, tir1=null, tir2=null}",36.11391067504883,"{blue=2097, green=2087, red=2080, nir=2071, swir1=2026, swir2=2037, tir1=1984, tir2=1984}","{""geodesic"":true,""type"":""Polygon"",""coordinates"":[[[167.82157,-15.38674],[167.82045,-15.38972],[167.82389,-15.39659],[167.82706,-15.39767],[167.840195,-15.395349],[167.84174,-15.39237],[167.83908,-15.386],[167.82938,-15.38294],[167.82157,-15.38674]]]}"
LE70810712008104EDC00,4.410000610351562,"{shadow_count=null, cloud_count=null, water_count=null, snow_count=null, lake_SR=null}",0.251,14.68192430952905,7.801889821362328,2224.0,2008-04-13T22:39:37,104.94417898148149,18.568400065104168,8.285196911543608,12.0,"{blue=124.10918800036113, green=110.95980824530125, red=55.97385303179423, nir=24.221062928438187, swir1=3.112683975448211, swir2=0.7547571621835232, tir1=8.285196911543608, tir2=8.297047190368176}",40.565731048583984,"{blue=2266, green=2258, red=2247, nir=2240, swir1=2220, swir2=2228, tir1=2210, tir2=2210}","{""geodesic"":true,""type"":""Polygon"",""coordinates"":[[[167.82157,-15.38674],[167.82045,-15.38972],[167.82389,-15.39659],[167.82706,-15.39767],[167.840195,-15.395349],[167.84174,-15.39237],[167.83908,-15.386],[167.82938,-15.38294],[167.82157,-15.38674]]]}"
LE70810712008120EDC00,4.019999694824219,"{shadow_count=null, cloud_count=null, water_count=null, snow_count=null, lake_SR=null}",0.244,-42.47983660016741,2.56632922779,2040.0,2008-04-29T22:39:33,120.94414232638889,,,0.0,"{blue=null, green=null, red=null, nir=null, swir1=null, swir2=null, tir1=null, tir2=null}",43.53656005859375,"{blue=2067, green=2058, red=2047, nir=2040, swir1=1994, swir2=2006, tir1=1968, tir2=1968}","{""geodesic"":true,""type"":""Polygon"",""coordinates"":[[[167.82157,-15.38674],[167.82045,-15.38972],[167.82389,-15.39659],[167.82706,-15.39767],[167.840195,-15.395349],[167.84174,-15.39237],[167.83908,-15.386],[167.82938,-15.38294],[167.82157,-15.38674]]]}"
LE70810712009090EDC00,4.45,"{shadow_count=null, cloud_count=null, water_count=null, snow_count=null, lake_SR=null}",0.246,7.074836105596824,6.915420213683706,1937.0,2009-03-31T22:39:45,90.94427623842593,12.112668817693537,7.490830406038598,44.0,"{blue=120.39837311072783, green=97.3012156215581, red=49.43707169185985, nir=22.216392224485222, swir1=2.4739318513734774, swir2=0.621734022078189, tir1=7.490830406038598, tir2=7.490381133319302}",38.26529312133789,"{blue=2203, green=2193, red=2185, nir=2173, swir1=2156, swir2=2166, tir1=2150, tir2=2150}","{""geodesic"":true,""type"":""Polygon"",""coordinates"":[[[167.82157,-15.38674],[167.82045,-15.38972],[167.82389,-15.39659],[167.82706,-15.39767],[167.840195,-15.395349],[167.84174,-15.39237],[167.83908,-15.386],[167.82938,-15.38294],[167.82157,-15.38674]]]}"
LE70810712009106EDC00,4.6100006103515625,"{shadow_count=null, cloud_count=null, water_count=null, snow_count=null, lake_SR=null}",0.252,18.95627683966866,8.33430585718052,531.0,2009-04-16T22:39:50,106.9443343287037,19.804664406251504,8.442532840402105,1346.0,"{blue=44.17685182080403, green=25.35631505106569, red=10.150149795311167, nir=4.304862593293722, swir1=0.2170442309055855, swir2=0.04093742328432371, tir1=8.442532840402105, tir2=8.442572364851753}",40.90719223022461,"{blue=2265, green=2254, red=2247, nir=2235, swir1=2216, swir2=2224, tir1=2207, tir2=2207}","{""geodesic"":true,""type"":""Polygon"",""coordinates"":[[[167.82157,-15.38674],[167.82045,-15.38972],[167.82389,-15.39659],[167.82706,-15.39767],[167.840195,-15.395349],[167.84174,-15.39237],[167.83908,-15.386],[167.82938,-15.38294],[167.82157,-15.38674]]]}"
LE70810712010061EDC00,3.9300003051757812,"{shadow_count=null, cloud_count=null, water_count=null, snow_count=null, lake_SR=null}",0.245,15.329985185102982,7.882677223533392,892.0,2010-03-02T22:41:32,61.94551445601852,,,0.0,"{blue=null, green=null, red=null, nir=null, swir1=null, swir2=null, tir1=null, tir2=null}",34.75870132446289,"{blue=2075, green=2066, red=2052, nir=2040, swir1=2017, swir2=2030, tir1=2004, tir2=2004}","{""geodesic"":true,""type"":""Polygon"",""coordinates"":[[[167.82157,-15.38674],[167.82045,-15.38972],[167.82389,-15.39659],[167.82706,-15.39767],[167.840195,-15.395349],[167.84174,-15.39237],[167.83908,-15.386],[167.82938,-15.38294],[167.82157,-15.38674]]]}"
LE70810712010093EDC00,4.4,"{shadow_count=null, cloud_count=null, water_count=null, snow_count=null, lake_SR=null}",0.245,18.766465292215432,8.31032780788028,470.0,2010-04-03T22:41:41,93.94562255787037,19.727862088185436,8.43302253820504,1175.0,"{blue=40.316304126293105, green=22.65797197915138, red=9.846674137521298, nir=4.163125608322468, swir1=0.22193815490585164, swir2=0.04446475676723294, tir1=8.43302253820504, tir2=8.439214028053234}",38.30717849731445,"{blue=2034, green=2022, red=2011, nir=1999, swir1=1969, swir2=1979, tir1=1956, tir2=1956}","{""geodesic"":true,""type"":""Polygon"",""coordinates"":[[[167.82157,-15.38674],[167.82045,-15.38972],[167.82389,-15.39659],[167.82706,-15.39767],[167.840195,-15.395349],[167.84174,-15.39237],[167.83908,-15.386],[167.82938,-15.38294],[167.82157,-15.38674]]]}"
LE70810712011080EDC00,3.45,"{shadow_count=null, cloud_count=null, water_count=null, snow_count=null, lake_SR=null}",0.261,6.682396411895752,6.864847491611727,1857.0,2011-03-21T22:43:02,80.94655738425926,,,0.0,"{blue=null, green=null, red=null, nir=null, swir1=null, swir2=null, tir1=null, tir2=null}",36.10398483276367,"{blue=1981, green=1974, red=1963, nir=1955, swir1=1913, swir2=1924, tir1=1888, tir2=1888}","{""geodesic"":true,""type"":""Polygon"",""coordinates"":[[[167.82157,-15.38674],[167.82045,-15.38972],[167.82389,-15.39659],[167.82706,-15.39767],[167.840195,-15.395349],[167.84174,-15.39237],[167.83908,-15.386],[167.82938,-15.38294],[167.82157,-15.38674]]]}"
LE70810712011096EDC00,4.1399993896484375,"{shadow_count=null, cloud_count=null, water_count=null, snow_count=null, lake_SR=null}",0.244,10.071417639098192,7.251030070704051,1769.0,2011-04-06T22:43:06,96.94660773148148,,,0.0,"{blue=null, green=null, red=null, nir=null, swir1=null, swir2=null, tir1=null, tir2=null}",38.41695785522461,"{blue=2008, green=1996, red=1986, nir=1974, swir1=1950, swir2=1961, tir1=1941, tir2=1941}","{""geodesic"":true,""type"":""Polygon"",""coordinates"":[[[167.82157,-15.38674],[167.82045,-15.38972],[167.82389,-15.39659],[167.82706,-15.39767],[167.840195,-15.395349],[167.84174,-15.39237],[167.83908,-15.386],[167.82938,-15.38294],[167.82157,-15.38674]]]}"
LE70810712011112EDC00,3.7899993896484374,"{shadow_count=null, cloud_count=null, water_count=null, snow_count=null, lake_SR=null}",0.245,13.305342466092958,7.636636212884169,1976.0,2011-04-22T22:43:05,112.94658989583333,,,0.0,"{blue=null, green=null, red=null, nir=null, swir1=null, swir2=null, tir1=null, tir2=null}",41.2990837097168,"{blue=2133, green=2121, red=2114, nir=2104, swir1=2059, swir2=2072, tir1=2033, tir2=2033}","{""geodesic"":true,""type"":""Polygon"",""coordinates"":[[[167.82157,-15.38674],[167.82045,-15.38972],[167.82389,-15.39659],[167.82706,-15.39767],[167.840195,-15.395349],[167.84174,-15.39237],[167.83908,-15.386],[167.82938,-15.38294],[167.82157,-15.38674]]]}"
LE70810712011128EDC00,4.169999694824218,"{shadow_count=null, cloud_count=null, water_count=null, snow_count=null, lake_SR=null}",0.255,11.764237176804315,7.450607479062109,2073.0,2011-05-08T22:43:05,128.9465905324074,17.157546023105052,8.107488751411438,47.0,"{blue=120.90033667138282, green=94.08121840877736, red=61.78146400857479, nir=21.998910997776274, swir1=2.0722601993920957, swir2=0.5120748398785896, tir1=8.107488751411438, tir2=8.102316082792079}",44.367698669433594,"{blue=2237, green=2229, red=2221, nir=2212, swir1=2191, swir2=2199, tir1=2180, tir2=2180}","{""geodesic"":true,""type"":""Polygon"",""coordinates"":[[[167.82157,-15.38674],[167.82045,-15.38972],[167.82389,-15.39659],[167.82706,-15.39767],[167.840195,-15.395349],[167.84174,-15.39237],[167.83908,-15.386],[167.82938,-15.38294],[167.82157,-15.38674]]]}"
LE70810712012003EDC00,5.319999694824219,"{shadow_count=null, cloud_count=null, water_count=null, snow_count=null, lake_SR=null}",0.241,17.977141882985684,8.211005064287209,1332.0,2012-01-03T22:43:30,3.946879074074074,25.523824349210955,9.191907465226635,467.0,"{blue=125.7889544432883, green=97.89632558414206, red=66.04022562529342, nir=21.187098044654796, swir1=1.6599797518165023, swir2=0.43327153211130814, tir1=9.191907465226635, tir2=9.186990783295848}",30.809322357177734,"{blue=2025, green=2014, red=2003, nir=1994, swir1=1964, swir2=1976, tir1=1956, tir2=1956}","{""geodesic"":true,""type"":""Polygon"",""coordinates"":[[[167.82157,-15.38674],[167.82045,-15.38972],[167.82389,-15.39659],[167.82706,-15.39767],[167.840195,-15.395349],[167.84174,-15.39237],[167.83908,-15.386],[167.82938,-15.38294],[167.82157,-15.38674]]]}"
LE70810712012019EDC00,4.330000305175782,"{shadow_count=null, cloud_count=null, water_count=null, snow_count=null, lake_SR=null}",0.244,15.292351050269165,7.876734354576444,515.0,2012-01-19T22:43:29,19.946874502314813,22.743309948582056,8.823572092024344,1373.0,"{blue=119.0200576697139, green=90.99888739447826, red=55.714679793033476, nir=16.33242226028998, swir1=1.1497013823564688, swir2=0.27779497324289487, tir1=8.823572092024344, tir2=8.82119276738049}",32.02968215942383,"{blue=2153, green=2144, red=2132, nir=2124, swir1=2081, swir2=2091, tir1=2053, tir2=2053}","{""geodesic"":true,""type"":""Polygon"",""coordinates"":[[[167.82157,-15.38674],[167.82045,-15.38972],[167.82389,-15.39659],[167.82706,-15.39767],[167.840195,-15.395349],[167.84174,-15.39237],[167.83908,-15.386],[167.82938,-15.38294],[167.82157,-15.38674]]]}"
LE70810712012067EDC00,3.769999694824219,"{shadow_count=null, cloud_count=null, water_count=null, snow_count=null, lake_SR=null}",0.255,17.413912897524625,8.141544051873295,1555.0,2012-03-07T22:43:34,67.94692263888889,23.36419489354263,8.905126924867984,266.0,"{blue=136.92717309016035, green=105.59080436489636, red=61.540301014606214, nir=17.3686105039783, swir1=1.4583177811165495, swir2=0.3860113242141004, tir1=8.905126924867984, tir2=8.898753217340987}",34.63106155395508,"{blue=1937, green=1925, red=1916, nir=1904, swir1=1877, swir2=1889, tir1=1863, tir2=1863}","{""geodesic"":true,""type"":""Polygon"",""coordinates"":[[[167.82157,-15.38674],[167.82045,-15.38972],[167.82389,-15.39659],[167.82706,-15.39767],[167.840195,-15.395349],[167.84174,-15.39237],[167.83908,-15.386],[167.82938,-15.38294],[167.82157,-15.38674]]]}"
LE70810712012083EDC00,5.739999389648437,"{shadow_count=null, cloud_count=null, water_count=null, snow_count=null, lake_SR=null}",0.251,15.4160315762047,7.892035524403097,515.0,2012-03-23T22:43:37,83.94695686342592,22.536438511439734,8.796348996306104,1480.0,"{blue=159.65955361176182, green=125.83583094646802, red=71.5994792139208, nir=19.830435176958908, swir1=1.4895386742732553, swir2=0.3637859063128644, tir1=8.796348996306104, tir2=8.790860174473908}",36.33963394165039,"{blue=2095, green=2088, red=2077, nir=2069, swir1=2025, swir2=2033, tir1=1997, tir2=1997}","{""geodesic"":true,""type"":""Polygon"",""coordinates"":[[[167.82157,-15.38674],[167.82045,-15.38972],[167.82389,-15.39659],[167.82706,-15.39767],[167.840195,-15.395349],[167.84174,-15.39237],[167.83908,-15.386],[167.82938,-15.38294],[167.82157,-15.38674]]]}"
LE70810712012115EDC00,3.25,"{shadow_count=null, cloud_count=null, water_count=null, snow_count=null, lake_SR=null}",0.26,14.933578939998851,7.834335398257656,1996.0,2012-04-24T22:43:46,115.94706956018518,20.987393774167455,8.594540745847755,106.0,"{blue=166.3497199224976, green=144.3280808110282, red=90.15404678740592, nir=29.136101509040255, swir1=3.0403050700626753, swir2=0.8507294453242246, tir1=8.594540745847755, tir2=8.595436591391612}",41.75663757324219,"{blue=2062, green=2050, red=2038, nir=2029, swir1=2004, swir2=2016, tir1=1994, tir2=1994}","{""geodesic"":true,""type"":""Polygon"",""coordinates"":[[[167.82157,-15.38674],[167.82045,-15.38972],[167.82389,-15.39659],[167.82706,-15.39767],[167.840195,-15.395349],[167.84174,-15.39237],[167.83908,-15.386],[167.82938,-15.38294],[167.82157,-15.38674]]]}"
LE70810712012291EDC00,4.710000610351562,"{shadow_count=null, cloud_count=null, water_count=null, snow_count=null, lake_SR=null}",0.245,6.030929904513889,6.788419997609324,2180.0,2012-10-17T22:45:15,291.94809293981484,,,0.0,"{blue=null, green=null, red=null, nir=null, swir1=null, swir2=null, tir1=null, tir2=null}",26.670269012451172,"{blue=2207, green=2201, red=2190, nir=2180, swir1=2146, swir2=2154, tir1=2118, tir2=2118}","{""geodesic"":true,""type"":""Polygon"",""coordinates"":[[[167.82157,-15.38674],[167.82045,-15.38972],[167.82389,-15.39659],[167.82706,-15.39767],[167.840195,-15.395349],[167.84174,-15.39237],[167.83908,-15.386],[167.82938,-15.38294],[167.82157,-15.38674]]]}"
LE70810712012307EDC00,4.119999694824219,"{shadow_count=null, cloud_count=null, water_count=null, snow_count=null, lake_SR=null}",0.271,1.0357200985863095,6.253963300751315,1944.0,2012-11-02T22:45:19,307.94814581018517,,,0.0,"{blue=null, green=null, red=null, nir=null, swir1=null, swir2=null, tir1=null, tir2=null}",25.23046112060547,"{blue=1970, green=1963, red=1951, nir=1944, swir1=1904, swir2=1914, tir1=1884, tir2=1884}","{""geodesic"":true,""type"":""Polygon"",""coordinates"":[[[167.82157,-15.38674],[167.82045,-15.38972],[167.82389,-15.39659],[167.82706,-15.39767],[167.840195,-15.395349],[167.84174,-15.39237],[167.83908,-15.386],[167.82938,-15.38294],[167.82157,-15.38674]]]}"
LE70810712012339EDC04,4.3899993896484375,"{shadow_count=null, cloud_count=null, water_count=null, snow_count=null, lake_SR=null}",0.26,15.564323304191468,7.909831329470589,1900.0,2012-12-04T22:45:27,339.9482340277778,,,0.0,"{blue=null, green=null, red=null, nir=null, swir1=null, swir2=null, tir1=null, tir2=null}",27.085243225097656,"{blue=1927, green=1918, red=1906, nir=1900, swir1=1862, swir2=1872, tir1=1845, tir2=1845}","{""geodesic"":true,""type"":""Polygon"",""coordinates"":[[[167.82157,-15.38674],[167.82045,-15.38972],[167.82389,-15.39659],[167.82706,-15.39767],[167.840195,-15.395349],[167.84174,-15.39237],[167.83908,-15.386],[167.82938,-15.38294],[167.82157,-15.38674]]]}"
LE70810712013085EDC00,5.25,"{shadow_count=507.0, cloud_count=645.0, water_count=721.0, snow_count=0.0, lake_SR={blue=0.49255409153952956, green=0.28512149791955627, red=0.16681178918169226, nir=0.04793883495145669, swir1=0.015365048543689284, swir2=0.011855062413314823}}",0.261,18.11832236013105,8.229868488478404,648.0,2013-03-26T22:45:31,85.94828196759259,25.553278803916726,9.196623834733535,1367.0,"{blue=147.02040353899204, green=111.25778268843388, red=57.8011067229287, nir=13.68383094369711, swir1=0.9050398472992556, swir2=0.21925743838678838, tir1=9.196623834733535, tir2=9.194179947993993}",36.28382110595703,"{blue=2199, green=2187, red=2180, nir=2169, swir1=2136, swir2=2142, tir1=2111, tir2=2111}","{""geodesic"":true,""type"":""Polygon"",""coordinates"":[[[167.82157,-15.38674],[167.82045,-15.38972],[167.82389,-15.39659],[167.82706,-15.39767],[167.840195,-15.395349],[167.84174,-15.39237],[167.83908,-15.386],[167.82938,-15.38294],[167.82157,-15.38674]]]}"
LE70810712013101EDC01,4.65,"{shadow_count=0.0, cloud_count=2123.0, water_count=0.0, snow_count=0.0, lake_SR={blue=null, green=null, red=null, nir=null, swir1=null, swir2=null}}",0.245,-5.284037800578328,5.633533122671115,2202.0,2013-04-11T22:45:30,101.94826989583333,,,0.0,"{blue=null, green=null, red=null, nir=null, swir1=null, swir2=null, tir1=null, tir2=null}",38.8886604309082,"{blue=2226, green=2219, red=2209, nir=2202, swir1=2179, swir2=2188, tir1=2173, tir2=2173}","{""geodesic"":true,""type"":""Polygon"",""coordinates"":[[[167.82157,-15.38674],[167.82045,-15.38972],[167.82389,-15.39659],[167.82706,-15.39767],[167.840195,-15.395349],[167.84174,-15.39237],[167.83908,-15.386],[167.82938,-15.38294],[167.82157,-15.38674]]]}"
LE70810712013133EDC00,3.769999694824219,"{shadow_count=null, cloud_count=null, water_count=null, snow_count=null, lake_SR=null}",0.251,17.124535017116095,8.104495868807838,1714.0,2013-05-13T22:45:21,133.94816930555555,24.36723587139934,9.037981747567247,153.0,"{blue=115.3598131759494, green=88.19477524593765, red=50.02649751675674, nir=16.10837816685633, swir1=1.7213135552406311, swir2=0.46064299941062925, tir1=9.037981747567247, tir2=9.041394759831178}",45.01530838012695,"{blue=2003, green=1993, red=1982, nir=1971, swir1=1948, swir2=1959, tir1=1939, tir2=1939}","{""geodesic"":true,""type"":""Polygon"",""coordinates"":[[[167.82157,-15.38674],[167.82045,-15.38972],[167.82389,-15.39659],[167.82706,-15.39767],[167.840195,-15.395349],[167.84174,-15.39237],[167.83908,-15.386],[167.82938,-15.38294],[167.82157,-15.38674]]]}"
LE70810712013213EDC00,3.5600006103515627,"{shadow_count=267.0, cloud_count=600.0, water_count=1077.0, snow_count=0.0, lake_SR={blue=0.35757418755803216, green=0.3425045496750229, red=0.20812293407613744, nir=0.056820984215413324, swir1=0.009272609099350071, swir2=0.007936675951717846}}",0.24,17.356376266479494,8.132574863173067,517.0,2013-08-01T22:44:44,213.94773773148148,23.381653811859845,8.90717284640042,1561.0,"{blue=147.0257334838992, green=121.67661265575451, red=65.32092467032511, nir=14.311359136552095, swir1=0.5808597922813697, swir2=0.15053065078780103, tir1=8.90717284640042, tir2=8.908498738123024}",46.13774871826172,"{blue=2183, green=2171, red=2164, nir=2152, swir1=2136, swir2=2145, tir1=2129, tir2=2129}","{""geodesic"":true,""type"":""Polygon"",""coordinates"":[[[167.82157,-15.38674],[167.82045,-15.38972],[167.82389,-15.39659],[167.82706,-15.39767],[167.840195,-15.395349],[167.84174,-15.39237],[167.83908,-15.386],[167.82938,-15.38294],[167.82157,-15.38674]]]}"
LE70810712013229EDC00,3.6,"{shadow_count=0.0, cloud_count=1826.0, water_count=0.0, snow_count=0.0, lake_SR={blue=null, green=null, red=null, nir=null, swir1=null, swir2=null}}",0.247,9.270513916015625,7.155458320528269,1926.0,2013-08-17T22:44:48,229.9477813425926,,,0.0,"{blue=null, green=null, red=null, nir=null, swir1=null, swir2=null, tir1=null, tir2=null}",42.50713348388672,"{blue=1961, green=1949, red=1940, nir=1926, swir1=1900, swir2=1912, tir1=1893, tir2=1893}","{""geodesic"":true,""type"":""Polygon"",""coordinates"":[[[167.82157,-15.38674],[167.82045,-15.38972],[167.82389,-15.39659],[167.82706,-15.39767],[167.840195,-15.395349],[167.84174,-15.39237],[167.83908,-15.386],[167.82938,-15.38294],[167.82157,-15.38674]]]}"
LE70810712013245EDC00,3.1300003051757814,"{shadow_count=214.0, cloud_count=1538.0, water_count=55.0, snow_count=0.0, lake_SR={blue=0.25761090909090906, green=0.22198909090909083, red=0.12032000000000004, nir=0.039401818181818184, swir1=0.016296363636363633, swir2=0.011476363636363634}}",0.251,11.545346069335938,7.427446623998029,1527.0,2013-09-02T22:44:59,245.9479132175926,21.500103674994573,8.661441008808712,374.0,"{blue=139.84084988915347, green=105.42823664373893, red=54.42276646109188, nir=15.592037577680088, swir1=1.5158348462098967, swir2=0.40794993098825216, tir1=8.661441008808712, tir2=8.658139704188539}",38.05415725708008,"{blue=1943, green=1934, red=1922, nir=1914, swir1=1878, swir2=1887, tir1=1854, tir2=1854}","{""geodesic"":true,""type"":""Polygon"",""coordinates"":[[[167.82157,-15.38674],[167.82045,-15.38972],[167.82389,-15.39659],[167.82706,-15.39767],[167.840195,-15.395349],[167.84174,-15.39237],[167.83908,-15.386],[167.82938,-15.38294],[167.82157,-15.38674]]]}"
LE70810712013277EDC00,4.510000610351563,"{shadow_count=0.0, cloud_count=2115.0, water_count=0.0, snow_count=0.0, lake_SR={blue=null, green=null, red=null, nir=null, swir1=null, swir2=null}}",0.248,11.652054008396192,7.437360902027837,2210.0,2013-10-04T22:45:21,277.94816616898146,,,0.0,"{blue=null, green=null, red=null, nir=null, swir1=null, swir2=null, tir1=null, tir2=null}",29.16545867919922,"{blue=2237, green=2228, red=2218, nir=2210, swir1=2183, swir2=2190, tir1=2159, tir2=2159}","{""geodesic"":true,""type"":""Polygon"",""coordinates"":[[[167.82157,-15.38674],[167.82045,-15.38972],[167.82389,-15.39659],[167.82706,-15.39767],[167.840195,-15.395349],[167.84174,-15.39237],[167.83908,-15.386],[167.82938,-15.38294],[167.82157,-15.38674]]]}"
LE70810712013309ASN00,4.430000305175781,"{shadow_count=260.0, cloud_count=1618.0, water_count=32.0, snow_count=0.0, lake_SR={blue=0.229140625, green=0.20976875000000006, red=0.1498875, nir=0.07031250000000001, swir1=0.03938124999999999, swir2=0.03160625}}",0.251,11.940349779630962,7.4775093796810035,1302.0,2013-11-05T22:45:37,309.9483481712963,18.51248033703637,8.278669215896686,556.0,"{blue=143.3433231475542, green=109.519252364048, red=64.5883016603456, nir=20.458957373023893, swir1=2.059198243599107, swir2=0.542666999779267, tir1=8.278669215896686, tir2=8.288731683698808}",25.1131591796875,"{blue=2057, green=2046, red=2036, nir=2028, swir1=1984, swir2=1994, tir1=1956, tir2=1956}","{""geodesic"":true,""type"":""Polygon"",""coordinates"":[[[167.82157,-15.38674],[167.82045,-15.38972],[167.82389,-15.39659],[167.82706,-15.39767],[167.840195,-15.395349],[167.84174,-15.39237],[167.83908,-15.386],[167.82938,-15.38294],[167.82157,-15.38674]]]}"
LE70810712015091EDC00,4.05999984741211,"{shadow_count=0.0, cloud_count=1945.0, water_count=0.0, snow_count=0.0, lake_SR={blue=null, green=null, red=null, nir=null, swir1=null, swir2=null}}",0.247,13.418603723699396,7.647874072194099,2064.0,2015-04-01T22:48:34,91.9503940625,,,0.0,"{blue=null, green=null, red=null, nir=null, swir1=null, swir2=null, tir1=null, tir2=null}",36.484893798828125,"{blue=2091, green=2080, red=2073, nir=2064, swir1=2018, swir2=2027, tir1=1989, tir2=1989}","{""geodesic"":true,""type"":""Polygon"",""coordinates"":[[[167.82157,-15.38674],[167.82045,-15.38972],[167.82389,-15.39659],[167.82706,-15.39767],[167.840195,-15.395349],[167.84174,-15.39237],[167.83908,-15.386],[167.82938,-15.38294],[167.82157,-15.38674]]]}"
LE70820702003081EDC00,3.8100006103515627,"{shadow_count=15.0, cloud_count=39.0, water_count=194.0, snow_count=0.0, lake_SR={blue=1.6276685567010314, green=0.40137835051546406, red=0.24892628865979366, nir=0.07711958762886603, swir1=0.014790206185567012, swir2=0.010505154639175252}}",0.248,19.575989235080836,8.414376581713816,578.0,2003-03-22T22:43:55,81.94717222222222,20.32593066579049,8.509146818851617,1035.0,"{blue=183.01943956922602, green=177.72119314186816, red=95.4315857357449, nir=20.176495847494706, swir1=0.8074528924508947, swir2=0.19288862496614456, tir1=8.509146818851617, tir2=8.503986710744663}",36.59727478027344,"{blue=352, green=1342, red=2288, nir=2497, swir1=2521, swir2=2521, tir1=2390, tir2=2390}","{""geodesic"":true,""type"":""Polygon"",""coordinates"":[[[167.82157,-15.38674],[167.82045,-15.38972],[167.82389,-15.39659],[167.82706,-15.39767],[167.840195,-15.395349],[167.84174,-15.39237],[167.83908,-15.386],[167.82938,-15.38294],[167.82157,-15.38674]]]}"
LE70820702006105EDC00,3.5,"{shadow_count=null, cloud_count=null, water_count=null, snow_count=null, lake_SR=null}",0.242,16.446734525719467,8.019930960686535,1075.0,2006-04-15T22:45:16,105.94810848379629,20.00117691703465,8.467497494881568,24.0,"{blue=null, green=21.858218304812908, red=10.567241152127584, nir=4.633300647139549, swir1=0.5475728518289068, swir2=0.14623413234949112, tir1=8.467497494881568, tir2=8.452336472337661}",39.76157760620117,"{blue=73, green=823, red=1582, nir=1786, swir1=1825, swir2=1815, tir1=1760, tir2=1760}","{""geodesic"":true,""type"":""Polygon"",""coordinates"":[[[167.82157,-15.38674],[167.82045,-15.38972],[167.82389,-15.39659],[167.82706,-15.39767],[167.840195,-15.395349],[167.84174,-15.39237],[167.83908,-15.386],[167.82938,-15.38294],[167.82157,-15.38674]]]}"
LE70820702007140EDC00,3.3800003051757814,"{shadow_count=null, cloud_count=null, water_count=null, snow_count=null, lake_SR=null}",0.261,13.069734032474347,7.606821069188082,312.0,2007-05-20T22:45:35,140.94833144675925,,,0.0,"{blue=null, green=null, red=null, nir=null, swir1=null, swir2=null, tir1=null, tir2=null}",45.87447738647461,"{blue=327, green=323, red=319, nir=315, swir1=328, swir2=331, tir1=216, tir2=216}","{""geodesic"":true,""type"":""Polygon"",""coordinates"":[[[167.82157,-15.38674],[167.82045,-15.38972],[167.82389,-15.39659],[167.82706,-15.39767],[167.840195,-15.395349],[167.84174,-15.39237],[167.83908,-15.386],[167.82938,-15.38294],[167.82157,-15.38674]]]}"
LE70820702010132EDC00,4.969999694824219,"{shadow_count=null, cloud_count=null, water_count=null, snow_count=null, lake_SR=null}",0.246,3.490643546694801,6.514789136947089,684.0,2010-05-12T22:47:24,132.94958533564815,,,0.0,"{blue=null, green=null, red=null, nir=null, swir1=null, swir2=null, tir1=null, tir2=null}",44.18901062011719,"{blue=694, green=694, red=697, nir=697, swir1=715, swir2=716, tir1=449, tir2=449}","{""geodesic"":true,""type"":""Polygon"",""coordinates"":[[[167.82157,-15.38674],[167.82045,-15.38972],[167.82389,-15.39659],[167.82706,-15.39767],[167.840195,-15.395349],[167.84174,-15.39237],[167.83908,-15.386],[167.82938,-15.38294],[167.82157,-15.38674]]]}"
LE70820702012010ASN00,3.35,"{shadow_count=null, cloud_count=null, water_count=null, snow_count=null, lake_SR=null}",0.265,14.80564827533734,7.818793589943104,783.0,2012-01-10T22:49:18,10.950903541666667,,,0.0,"{blue=null, green=null, red=null, nir=null, swir1=null, swir2=null, tir1=null, tir2=null}",31.625263214111328,"{blue=481, green=816, red=899, nir=900, swir1=926, swir2=919, tir1=569, tir2=569}","{""geodesic"":true,""type"":""Polygon"",""coordinates"":[[[167.82157,-15.38674],[167.82045,-15.38972],[167.82389,-15.39659],[167.82706,-15.39767],[167.840195,-15.395349],[167.84174,-15.39237],[167.83908,-15.386],[167.82938,-15.38294],[167.82157,-15.38674]]]}"
LE70820702013124EDC00,4.530000305175781,"{shadow_count=0.0, cloud_count=108.0, water_count=0.0, snow_count=0.0, lake_SR={blue=null, green=null, red=null, nir=null, swir1=null, swir2=null}}",0.255,6.213583809988839,6.804499487791743,196.0,2013-05-04T22:51:10,124.95220194444444,,,0.0,"{blue=null, green=null, red=null, nir=null, swir1=null, swir2=null, tir1=null, tir2=null}",42.131103515625,"{blue=205, green=202, red=199, nir=196, swir1=209, swir2=211, tir1=108, tir2=108}","{""geodesic"":true,""type"":""Polygon"",""coordinates"":[[[167.82157,-15.38674],[167.82045,-15.38972],[167.82389,-15.39659],[167.82706,-15.39767],[167.840195,-15.395349],[167.84174,-15.39237],[167.83908,-15.386],[167.82938,-15.38294],[167.82157,-15.38674]]]}"
LE70820702013140EDC00,3.9100006103515623,"{shadow_count=0.0, cloud_count=78.0, water_count=0.0, snow_count=0.0, lake_SR={blue=null, green=null, red=null, nir=null, swir1=null, swir2=null}}",0.253,14.9813232421875,7.837952813754479,158.0,2013-05-20T22:51:07,140.9521710300926,,,0.0,"{blue=null, green=null, red=null, nir=null, swir1=null, swir2=null, tir1=null, tir2=null}",44.987308502197266,"{blue=168, green=165, red=161, nir=158, swir1=171, swir2=174, tir1=78, tir2=78}","{""geodesic"":true,""type"":""Polygon"",""coordinates"":[[[167.82157,-15.38674],[167.82045,-15.38972],[167.82389,-15.39659],[167.82706,-15.39767],[167.840195,-15.395349],[167.84174,-15.39237],[167.83908,-15.386],[167.82938,-15.38294],[167.82157,-15.38674]]]}"
LE70820702013156EDC00,4.65,"{shadow_count=0.0, cloud_count=0.0, water_count=0.0, snow_count=0.0, lake_SR={blue=null, green=null, red=null, nir=null, swir1=null, swir2=null}}",0.242,,,11.0,2013-06-05T22:50:57,156.9520534837963,,,0.0,"{blue=null, green=null, red=null, nir=null, swir1=null, swir2=null, tir1=null, tir2=null}",47.173988342285156,"{blue=13, green=11, red=11, nir=11, swir1=13, swir2=14, tir1=0, tir2=0}","{""geodesic"":true,""type"":""Polygon"",""coordinates"":[[[167.82157,-15.38674],[167.82045,-15.38972],[167.82389,-15.39659],[167.82706,-15.39767],[167.840195,-15.395349],[167.84174,-15.39237],[167.83908,-15.386],[167.82938,-15.38294],[167.82157,-15.38674]]]}"
LE70820712001091EDC01,4.369999694824219,"{shadow_count=0.0, cloud_count=245.0, water_count=0.0, snow_count=0.0, lake_SR={blue=null, green=null, red=null, nir=null, swir1=null, swir2=null}}",0.251,15.175956264148136,7.86310471486268,2552.0,2001-04-01T22:45:46,91.9484553125,21.863391046938688,8.708134264887676,92.0,"{blue=null, green=87.9648225514785, red=42.35378398065982, nir=17.68888223041659, swir1=2.4518557398215584, swir2=0.6668028403073549, tir1=8.708134264887676, tir2=8.707512349740643}",38.416046142578125,"{blue=243, green=1492, red=2612, nir=2945, swir1=2945, swir2=2945, tir1=2945, tir2=2945}","{""geodesic"":true,""type"":""Polygon"",""coordinates"":[[[167.82157,-15.38674],[167.82045,-15.38972],[167.82389,-15.39659],[167.82706,-15.39767],[167.840195,-15.395349],[167.84174,-15.39237],[167.83908,-15.386],[167.82938,-15.38294],[167.82157,-15.38674]]]}"
LE70820712003081EDC00,3.8100006103515627,"{shadow_count=26.0, cloud_count=38.0, water_count=192.0, snow_count=0.0, lake_SR={blue=1.641297395833333, green=0.4065828125, red=0.25213906250000007, nir=0.07803958333333329, swir1=0.015046354166666642, swir2=0.010700520833333338}}",0.248,19.497747420738772,8.403823876852565,786.0,2003-03-22T22:44:19,81.94744917824075,20.2022634956829,8.49324140509042,1236.0,"{blue=184.65234831291409, green=177.6637704240755, red=95.33770062468199, nir=20.64582088097785, swir1=0.8755383065458641, swir2=0.2100500044711296, tir1=8.49324140509042, tir2=8.491800073070095}",37.34946823120117,"{blue=385, green=1670, red=2735, nir=2945, swir1=2945, swir2=2945, tir1=2945, tir2=2945}","{""geodesic"":true,""type"":""Polygon"",""coordinates"":[[[167.82157,-15.38674],[167.82045,-15.38972],[167.82389,-15.39659],[167.82706,-15.39767],[167.840195,-15.395349],[167.84174,-15.39237],[167.83908,-15.386],[167.82938,-15.38294],[167.82157,-15.38674]]]}"
LE70820712007124EDC00,4.560000610351563,"{shadow_count=0.0, cloud_count=179.0, water_count=0.0, snow_count=0.0, lake_SR={blue=null, green=null, red=null, nir=null, swir1=null, swir2=null}}",0.238,13.915350953074617,7.709090183909698,1358.0,2007-05-04T22:46:06,124.94868238425926,22.480377197265625,8.788346521556377,3.0,"{blue=null, green=57.50551110506058, red=31.884777704874676, nir=13.63963258266449, swir1=1.4823361138502757, swir2=0.38162725418806076, tir1=8.788346521556377, tir2=8.780708599835634}",44.25084686279297,"{blue=187, green=452, red=993, nir=1464, swir1=1709, swir2=1700, tir1=1737, tir2=1737}","{""geodesic"":true,""type"":""Polygon"",""coordinates"":[[[167.82157,-15.38674],[167.82045,-15.38972],[167.82389,-15.39659],[167.82706,-15.39767],[167.840195,-15.395349],[167.84174,-15.39237],[167.83908,-15.386],[167.82938,-15.38294],[167.82157,-15.38674]]]}"
LE70820712008111EDC00,4.660000610351562,"{shadow_count=0.0, cloud_count=0.0, water_count=0.0, snow_count=0.0, lake_SR={blue=null, green=null, red=null, nir=null, swir1=null, swir2=null}}",0.247,12.438180106026786,7.530019208587505,1284.0,2008-04-20T22:45:46,111.9484578587963,,,0.0,"{blue=null, green=null, red=null, nir=null, swir1=null, swir2=null, tir1=null, tir2=null}",41.840972900390625,"{blue=0, green=183, red=632, nir=1284, swir1=1886, swir2=1877, tir1=1909, tir2=1909}","{""geodesic"":true,""type"":""Polygon"",""coordinates"":[[[167.82157,-15.38674],[167.82045,-15.38972],[167.82389,-15.39659],[167.82706,-15.39767],[167.840195,-15.395349],[167.84174,-15.39237],[167.83908,-15.386],[167.82938,-15.38294],[167.82157,-15.38674]]]}"
LE70820712008351EDC00,4.3,"{shadow_count=0.0, cloud_count=128.0, water_count=0.0, snow_count=0.0, lake_SR={blue=null, green=null, red=null, nir=null, swir1=null, swir2=null}}",0.26,17.408755589313532,8.14437871972677,915.0,2008-12-16T22:45:10,351.9480393287037,24.135459899902344,9.006378019228578,8.0,"{blue=null, green=54.60979264229536, red=30.35654604434967, nir=12.468405559659004, swir1=0.9879725687205791, swir2=0.20420764107257128, tir1=9.006378019228578, tir2=9.017888714093715}",30.119060516357422,"{blue=133, green=385, red=816, nir=1314, swir1=1638, swir2=1629, tir1=1667, tir2=1667}","{""geodesic"":true,""type"":""Polygon"",""coordinates"":[[[167.82157,-15.38674],[167.82045,-15.38972],[167.82389,-15.39659],[167.82706,-15.39767],[167.840195,-15.395349],[167.84174,-15.39237],[167.83908,-15.386],[167.82938,-15.38294],[167.82157,-15.38674]]]}"
LE70820712011087EDC00,3.8,"{shadow_count=329.0, cloud_count=361.0, water_count=819.0, snow_count=0.0, lake_SR={blue=0.1962087912087915, green=0.19060879120879104, red=0.1458691086691087, nir=0.07232368742368726, swir1=0.016351037851037826, swir2=0.01283443223443218}}",0.255,18.0635010039735,8.221524885046982,861.0,2011-03-28T22:49:15,87.95087795138889,21.57634560041995,8.670897434119968,719.0,"{blue=114.57433399275028, green=90.62927504880703, red=56.4131462325307, nir=17.65071019327193, swir1=0.8195167747827676, swir2=0.1808908644030575, tir1=8.670897434119968, tir2=8.673679146509375}",37.02822494506836,"{blue=1851, green=1859, red=1868, nir=1877, swir1=1913, swir2=1903, tir1=1935, tir2=1935}","{""geodesic"":true,""type"":""Polygon"",""coordinates"":[[[167.82157,-15.38674],[167.82045,-15.38972],[167.82389,-15.39659],[167.82706,-15.39767],[167.840195,-15.395349],[167.84174,-15.39237],[167.83908,-15.386],[167.82938,-15.38294],[167.82157,-15.38674]]]}"
LE70820712011103EDC00,4.15,"{shadow_count=56.0, cloud_count=1438.0, water_count=0.0, snow_count=0.0, lake_SR={blue=null, green=null, red=null, nir=null, swir1=null, swir2=null}}",0.237,9.427735101609002,7.174274518642397,1368.0,2011-04-13T22:49:16,103.95089075231482,,,0.0,"{blue=null, green=null, red=null, nir=null, swir1=null, swir2=null, tir1=null, tir2=null}",39.630802154541016,"{blue=1528, green=1540, red=1551, nir=1559, swir1=1589, swir2=1577, tir1=1603, tir2=1603}","{""geodesic"":true,""type"":""Polygon"",""coordinates"":[[[167.82157,-15.38674],[167.82045,-15.38972],[167.82389,-15.39659],[167.82706,-15.39767],[167.840195,-15.395349],[167.84174,-15.39237],[167.83908,-15.386],[167.82938,-15.38294],[167.82157,-15.38674]]]}"
LE70820712011119EDC00,4.35,"{shadow_count=0.0, cloud_count=1499.0, water_count=0.0, snow_count=0.0, lake_SR={blue=null, green=null, red=null, nir=null, swir1=null, swir2=null}}",0.249,-2.1349049649497336,5.906222347198993,1568.0,2011-04-29T22:49:17,119.95089302083333,,,0.0,"{blue=null, green=null, red=null, nir=null, swir1=null, swir2=null, tir1=null, tir2=null}",42.64878845214844,"{blue=1533, green=1545, red=1554, nir=1568, swir1=1601, swir2=1592, tir1=1624, tir2=1624}","{""geodesic"":true,""type"":""Polygon"",""coordinates"":[[[167.82157,-15.38674],[167.82045,-15.38972],[167.82389,-15.39659],[167.82706,-15.39767],[167.840195,-15.395349],[167.84174,-15.39237],[167.83908,-15.386],[167.82938,-15.38294],[167.82157,-15.38674]]]}"
LE70820712012010ASN00,3.35,"{shadow_count=1.0, cloud_count=556.0, water_count=2.0, snow_count=0.0, lake_SR={blue=0.11755, green=0.1044, red=0.08785000000000001, nir=0.0537, swir1=0.0249, swir2=0.022850000000000002}}",0.265,13.991215568854624,7.719301209980879,1388.0,2012-01-10T22:49:41,10.951180532407408,,,0.0,"{blue=null, green=null, red=null, nir=null, swir1=null, swir2=null, tir1=null, tir2=null}",31.40435028076172,"{blue=585, green=1132, red=1404, nir=1619, swir1=1633, swir2=1623, tir1=1636, tir2=1636}","{""geodesic"":true,""type"":""Polygon"",""coordinates"":[[[167.82157,-15.38674],[167.82045,-15.38972],[167.82389,-15.39659],[167.82706,-15.39767],[167.840195,-15.395349],[167.84174,-15.39237],[167.83908,-15.386],[167.82938,-15.38294],[167.82157,-15.38674]]]}"
LE70820712012074EDC00,3.7,"{shadow_count=134.0, cloud_count=1232.0, water_count=0.0, snow_count=0.0, lake_SR={blue=null, green=null, red=null, nir=null, swir1=null, swir2=null}}",0.246,5.489424531953829,6.724496325434329,1754.0,2012-03-14T22:49:46,74.95123746527777,,,0.0,"{blue=null, green=null, red=null, nir=null, swir1=null, swir2=null, tir1=null, tir2=null}",35.28746032714844,"{blue=1720, green=1732, red=1743, nir=1754, swir1=1769, swir2=1758, tir1=1771, tir2=1771}","{""geodesic"":true,""type"":""Polygon"",""coordinates"":[[[167.82157,-15.38674],[167.82045,-15.38972],[167.82389,-15.39659],[167.82706,-15.39767],[167.840195,-15.395349],[167.84174,-15.39237],[167.83908,-15.386],[167.82938,-15.38294],[167.82157,-15.38674]]]}"
LE70820712013108ASN00,4.830000305175782,"{shadow_count=0.0, cloud_count=0.0, water_count=1366.0, snow_count=0.0, lake_SR={blue=0.2611467057101019, green=0.23167408491947306, red=0.13253535871156608, nir=0.037433382137628084, swir1=0.011505710102488994, swir2=0.008909443631039474}}",0.233,18.78819356745959,8.313367374646454,255.0,2013-04-18T22:51:37,108.95251793981481,25.597538455569143,9.202521770321626,1279.0,"{blue=139.95030579683166, green=105.90744013558896, red=52.41959702027226, nir=10.272248318737796, swir1=0.4485539442558927, swir2=0.10242996590821099, tir1=9.202521770321626, tir2=9.2103054987295}",40.20103454589844,"{blue=1724, green=1732, red=1740, nir=1749, swir1=1792, swir2=1782, tir1=1817, tir2=1817}","{""geodesic"":true,""type"":""Polygon"",""coordinates"":[[[167.82157,-15.38674],[167.82045,-15.38972],[167.82389,-15.39659],[167.82706,-15.39767],[167.840195,-15.395349],[167.84174,-15.39237],[167.83908,-15.386],[167.82938,-15.38294],[167.82157,-15.38674]]]}"
LE70820712013268EDC00,3.1800003051757812,"{shadow_count=0.0, cloud_count=1690.0, water_count=0.0, snow_count=0.0, lake_SR={blue=null, green=null, red=null, nir=null, swir1=null, swir2=null}}",0.268,-2.6694976806640627,5.889550264325083,1761.0,2013-09-25T22:51:24,268.95236697916664,,,0.0,"{blue=null, green=null, red=null, nir=null, swir1=null, swir2=null, tir1=null, tir2=null}",31.42217254638672,"{blue=1732, green=1742, red=1753, nir=1761, swir1=1778, swir2=1767, tir1=1776, tir2=1776}","{""geodesic"":true,""type"":""Polygon"",""coordinates"":[[[167.82157,-15.38674],[167.82045,-15.38972],[167.82389,-15.39659],[167.82706,-15.39767],[167.840195,-15.395349],[167.84174,-15.39237],[167.83908,-15.386],[167.82938,-15.38294],[167.82157,-15.38674]]]}"
LE70820712013284EDC00,2.4600006103515626,"{shadow_count=74.0, cloud_count=109.0, water_count=1042.0, snow_count=0.0, lake_SR={blue=0.23088166986564299, green=0.21609337811900195, red=0.14862312859884869, nir=0.07724760076775428, swir1=0.04961583493282139, swir2=0.04535297504798448}}",0.267,21.295263287199646,8.648676699841348,598.0,2013-10-11T22:51:38,284.9525277546296,25.62655631415278,9.218316218266331,1138.0,"{blue=151.17047104465195, green=119.27077703007704, red=69.08001800915898, nir=23.43362019204507, swir1=2.9507791471628884, swir2=0.8763343032228408, tir1=9.218316218266331, tir2=9.216258145245662}",27.683731079101562,"{blue=1506, green=1716, red=1725, nir=1733, swir1=1775, swir2=1767, tir1=1799, tir2=1799}","{""geodesic"":true,""type"":""Polygon"",""coordinates"":[[[167.82157,-15.38674],[167.82045,-15.38972],[167.82389,-15.39659],[167.82706,-15.39767],[167.840195,-15.395349],[167.84174,-15.39237],[167.83908,-15.386],[167.82938,-15.38294],[167.82157,-15.38674]]]}"
LE70820712013300ASN00,3.3699996948242186,"{shadow_count=0.0, cloud_count=1678.0, water_count=0.0, snow_count=0.0, lake_SR={blue=null, green=null, red=null, nir=null, swir1=null, swir2=null}}",0.268,16.144748366881753,7.997884377227905,1744.0,2013-10-27T22:51:44,300.95259599537036,,,0.0,"{blue=null, green=null, red=null, nir=null, swir1=null, swir2=null, tir1=null, tir2=null}",25.50389862060547,"{blue=1721, green=1728, red=1738, nir=1750, swir1=1765, swir2=1755, tir1=1764, tir2=1764}","{""geodesic"":true,""type"":""Polygon"",""coordinates"":[[[167.82157,-15.38674],[167.82045,-15.38972],[167.82389,-15.39659],[167.82706,-15.39767],[167.840195,-15.395349],[167.84174,-15.39237],[167.83908,-15.386],[167.82938,-15.38294],[167.82157,-15.38674]]]}"
